club_reference,href,name_and_surname,position,market_value,date_of_birth,country
https://www.transfermarkt.com/manchester-city/startseite/verein/281/saison_id/2020,/ederson/profil/spieler/238223,Ederson,Goalkeeper,56000000.00,1993-08-17 00:00:00,Brazil
https://www.transfermarkt.com/manchester-city/startseite/verein/281/saison_id/2020,/zack-steffen/profil/spieler/221624,Zack Steffen,Goalkeeper,6000000.00,1995-04-02 00:00:00,United States
https://www.transfermarkt.com/manchester-city/startseite/verein/281/saison_id/2020,/scott-carson/profil/spieler/14555,Scott Carson,Goalkeeper,500000,1985-09-03 00:00:00,England
https://www.transfermarkt.com/manchester-city/startseite/verein/281/saison_id/2020,/ruben-dias/profil/spieler/258004,Rúben Dias,Centre-Back,70000000.00,1997-05-14 00:00:00,Portugal
https://www.transfermarkt.com/manchester-city/startseite/verein/281/saison_id/2020,/aymeric-laporte/profil/spieler/176553,Aymeric Laporte,Centre-Back,50000000.00,1994-05-27 00:00:00,France
https://www.transfermarkt.com/manchester-city/startseite/verein/281/saison_id/2020,/nathan-ake/profil/spieler/177476,Nathan Aké,Centre-Back,35000000.00,1995-02-18 00:00:00,Netherlands
https://www.transfermarkt.com/manchester-city/startseite/verein/281/saison_id/2020,/john-stones/profil/spieler/186590,John Stones,Centre-Back,30000000.00,1994-05-28 00:00:00,England
https://www.transfermarkt.com/manchester-city/startseite/verein/281/saison_id/2020,/eric-garcia/profil/spieler/466794,Eric García,Centre-Back,20000000.00,2001-01-09 00:00:00,Spain
https://www.transfermarkt.com/manchester-city/startseite/verein/281/saison_id/2020,/philippe-sandler/profil/spieler/340460,Philippe Sandler,Centre-Back,3000000.00,1997-02-10 00:00:00,Netherlands
https://www.transfermarkt.com/manchester-city/startseite/verein/281/saison_id/2020,/benjamin-mendy/profil/spieler/157495,Benjamin Mendy,Left-Back,22000000.00,1994-07-17 00:00:00,France
https://www.transfermarkt.com/manchester-city/startseite/verein/281/saison_id/2020,/oleksandr-zinchenko/profil/spieler/203853,Oleksandr Zinchenko,Left-Back,20000000.00,1996-12-15 00:00:00,Ukraine
https://www.transfermarkt.com/manchester-city/startseite/verein/281/saison_id/2020,/joao-cancelo/profil/spieler/182712,João Cancelo,Right-Back,50000000.00,1994-05-27 00:00:00,Portugal
https://www.transfermarkt.com/manchester-city/startseite/verein/281/saison_id/2020,/kyle-walker/profil/spieler/95424,Kyle Walker,Right-Back,35000000.00,1990-05-28 00:00:00,England
https://www.transfermarkt.com/manchester-city/startseite/verein/281/saison_id/2020,/rodri/profil/spieler/357565,Rodri,Defensive Midfield,70000000.00,1996-06-22 00:00:00,Spain
https://www.transfermarkt.com/manchester-city/startseite/verein/281/saison_id/2020,/fernandinho/profil/spieler/26267,Fernandinho,Defensive Midfield,2500000.00,1985-05-04 00:00:00,Brazil
https://www.transfermarkt.com/manchester-city/startseite/verein/281/saison_id/2020,/phil-foden/profil/spieler/406635,Phil Foden,Central Midfield,70000000.00,2000-05-28 00:00:00,England
https://www.transfermarkt.com/manchester-city/startseite/verein/281/saison_id/2020,/ilkay-gundogan/profil/spieler/53622,Ilkay Gündogan,Central Midfield,40000000.00,1990-10-24 00:00:00,Germany
https://www.transfermarkt.com/manchester-city/startseite/verein/281/saison_id/2020,/kevin-de-bruyne/profil/spieler/88755,Kevin De Bruyne,Attacking Midfield,100000000.00,1991-06-28 00:00:00,Belgium
https://www.transfermarkt.com/manchester-city/startseite/verein/281/saison_id/2020,/bernardo-silva/profil/spieler/241641,Bernardo Silva,Attacking Midfield,70000000.00,1994-08-10 00:00:00,Portugal
https://www.transfermarkt.com/manchester-city/startseite/verein/281/saison_id/2020,/raheem-sterling/profil/spieler/134425,Raheem Sterling,Left Winger,100000000.00,1994-12-08 00:00:00,England
https://www.transfermarkt.com/manchester-city/startseite/verein/281/saison_id/2020,/ferran-torres/profil/spieler/398184,Ferran Torres,Right Winger,50000000.00,2000-02-29 00:00:00,Spain
https://www.transfermarkt.com/manchester-city/startseite/verein/281/saison_id/2020,/riyad-mahrez/profil/spieler/171424,Riyad Mahrez,Right Winger,42000000.00,1991-02-21 00:00:00,Algeria
https://www.transfermarkt.com/manchester-city/startseite/verein/281/saison_id/2020,/gabriel-jesus/profil/spieler/363205,Gabriel Jesus,Centre-Forward,60000000.00,1997-04-03 00:00:00,Brazil
https://www.transfermarkt.com/manchester-city/startseite/verein/281/saison_id/2020,/sergio-aguero/profil/spieler/26399,Sergio Agüero,Centre-Forward,25000000.00,1988-06-02 00:00:00,Argentina
https://www.transfermarkt.com/fc-liverpool/startseite/verein/31/saison_id/2020,/alisson/profil/spieler/105470,Alisson,Goalkeeper,65000000.00,1992-10-02 00:00:00,Brazil
https://www.transfermarkt.com/fc-liverpool/startseite/verein/31/saison_id/2020,/caoimhin-kelleher/profil/spieler/340918,Caoimhin Kelleher,Goalkeeper,2500000.00,1998-11-23 00:00:00,Ireland
https://www.transfermarkt.com/fc-liverpool/startseite/verein/31/saison_id/2020,/adrian/profil/spieler/71271,Adrián,Goalkeeper,1500000.00,1987-01-03 00:00:00,Spain
https://www.transfermarkt.com/fc-liverpool/startseite/verein/31/saison_id/2020,/virgil-van-dijk/profil/spieler/139208,Virgil van Dijk,Centre-Back,70000000.00,1991-07-08 00:00:00,Netherlands
https://www.transfermarkt.com/fc-liverpool/startseite/verein/31/saison_id/2020,/joe-gomez/profil/spieler/256178,Joe Gomez,Centre-Back,35000000.00,1997-05-23 00:00:00,England
https://www.transfermarkt.com/fc-liverpool/startseite/verein/31/saison_id/2020,/ozan-kabak/profil/spieler/361260,Ozan Kabak,Centre-Back,25000000.00,2000-03-25 00:00:00,Turkey
https://www.transfermarkt.com/fc-liverpool/startseite/verein/31/saison_id/2020,/joel-matip/profil/spieler/82105,Joel Matip,Centre-Back,25000000.00,1991-08-08 00:00:00,Cameroon
https://www.transfermarkt.com/fc-liverpool/startseite/verein/31/saison_id/2020,/rhys-williams/profil/spieler/503679,Rhys Williams,Centre-Back,5000000.00,2001-02-03 00:00:00,England
https://www.transfermarkt.com/fc-liverpool/startseite/verein/31/saison_id/2020,/nathaniel-phillips/profil/spieler/371814,Nathaniel Phillips,Centre-Back,5000000.00,1997-03-21 00:00:00,England
https://www.transfermarkt.com/fc-liverpool/startseite/verein/31/saison_id/2020,/ben-davies/profil/spieler/257097,Ben Davies,Centre-Back,3000000.00,1995-08-11 00:00:00,England
https://www.transfermarkt.com/fc-liverpool/startseite/verein/31/saison_id/2020,/andrew-robertson/profil/spieler/234803,Andrew Robertson,Left-Back,70000000.00,1994-03-11 00:00:00,Scotland
https://www.transfermarkt.com/fc-liverpool/startseite/verein/31/saison_id/2020,/konstantinos-tsimikas/profil/spieler/338070,Konstantinos Tsimikas,Left-Back,8000000.00,1996-05-12 00:00:00,Greece
https://www.transfermarkt.com/fc-liverpool/startseite/verein/31/saison_id/2020,/trent-alexander-arnold/profil/spieler/314353,Trent Alexander-Arnold,Right-Back,100000000.00,1998-10-07 00:00:00,England
https://www.transfermarkt.com/fc-liverpool/startseite/verein/31/saison_id/2020,/neco-williams/profil/spieler/503680,Neco Williams,Right-Back,10000000.00,2001-04-13 00:00:00,Wales
https://www.transfermarkt.com/fc-liverpool/startseite/verein/31/saison_id/2020,/fabinho/profil/spieler/225693,Fabinho,Defensive Midfield,60000000.00,1993-10-23 00:00:00,Brazil
https://www.transfermarkt.com/fc-liverpool/startseite/verein/31/saison_id/2020,/naby-keita/profil/spieler/302215,Naby Keïta,Central Midfield,38000000.00,1995-02-10 00:00:00,Guinea
https://www.transfermarkt.com/fc-liverpool/startseite/verein/31/saison_id/2020,/georginio-wijnaldum/profil/spieler/49499,Georginio Wijnaldum,Central Midfield,35000000.00,1990-11-11 00:00:00,Netherlands
https://www.transfermarkt.com/fc-liverpool/startseite/verein/31/saison_id/2020,/thiago/profil/spieler/60444,Thiago,Central Midfield,35000000.00,1991-04-11 00:00:00,Spain
https://www.transfermarkt.com/fc-liverpool/startseite/verein/31/saison_id/2020,/jordan-henderson/profil/spieler/61651,Jordan Henderson,Central Midfield,22000000.00,1990-06-17 00:00:00,England
https://www.transfermarkt.com/fc-liverpool/startseite/verein/31/saison_id/2020,/alex-oxlade-chamberlain/profil/spieler/143424,Alex Oxlade-Chamberlain,Central Midfield,20000000.00,1993-08-15 00:00:00,England
https://www.transfermarkt.com/fc-liverpool/startseite/verein/31/saison_id/2020,/james-milner/profil/spieler/3333,James Milner,Central Midfield,3000000.00,1986-01-04 00:00:00,England
https://www.transfermarkt.com/fc-liverpool/startseite/verein/31/saison_id/2020,/curtis-jones/profil/spieler/433188,Curtis Jones,Attacking Midfield,30000000.00,2001-01-30 00:00:00,England
https://www.transfermarkt.com/fc-liverpool/startseite/verein/31/saison_id/2020,/ben-woodburn/profil/spieler/344015,Ben Woodburn,Attacking Midfield,3000000.00,1999-10-15 00:00:00,Wales
https://www.transfermarkt.com/fc-liverpool/startseite/verein/31/saison_id/2020,/sadio-mane/profil/spieler/200512,Sadio Mané,Left Winger,100000000.00,1992-04-10 00:00:00,Senegal
https://www.transfermarkt.com/fc-liverpool/startseite/verein/31/saison_id/2020,/diogo-jota/profil/spieler/340950,Diogo Jota,Left Winger,40000000.00,1996-12-04 00:00:00,Portugal
https://www.transfermarkt.com/fc-liverpool/startseite/verein/31/saison_id/2020,/mohamed-salah/profil/spieler/148455,Mohamed Salah,Right Winger,110000000.00,1992-06-15 00:00:00,Egypt
https://www.transfermarkt.com/fc-liverpool/startseite/verein/31/saison_id/2020,/xherdan-shaqiri/profil/spieler/86792,Xherdan Shaqiri,Right Winger,14000000.00,1991-10-10 00:00:00,Switzerland
https://www.transfermarkt.com/fc-liverpool/startseite/verein/31/saison_id/2020,/roberto-firmino/profil/spieler/131789,Roberto Firmino,Centre-Forward,55000000.00,1991-10-02 00:00:00,Brazil
https://www.transfermarkt.com/fc-liverpool/startseite/verein/31/saison_id/2020,/divock-origi/profil/spieler/148368,Divock Origi,Centre-Forward,16000000.00,1995-04-18 00:00:00,Belgium
https://www.transfermarkt.com/fc-chelsea/startseite/verein/631/saison_id/2020,/edouard-mendy/profil/spieler/442531,Edouard Mendy,Goalkeeper,25000000.00,1992-03-01 00:00:00,Senegal
https://www.transfermarkt.com/fc-chelsea/startseite/verein/631/saison_id/2020,/kepa/profil/spieler/192279,Kepa,Goalkeeper,13000000.00,1994-10-03 00:00:00,Spain
https://www.transfermarkt.com/fc-chelsea/startseite/verein/631/saison_id/2020,/willy-caballero/profil/spieler/19948,Willy Caballero,Goalkeeper,300000,1981-09-28 00:00:00,Argentina
https://www.transfermarkt.com/fc-chelsea/startseite/verein/631/saison_id/2020,/kurt-zouma/profil/spieler/157509,Kurt Zouma,Centre-Back,32000000.00,1994-10-27 00:00:00,France
https://www.transfermarkt.com/fc-chelsea/startseite/verein/631/saison_id/2020,/andreas-christensen/profil/spieler/196948,Andreas Christensen,Centre-Back,28000000.00,1996-04-10 00:00:00,Denmark
https://www.transfermarkt.com/fc-chelsea/startseite/verein/631/saison_id/2020,/antonio-rudiger/profil/spieler/86202,Antonio Rüdiger,Centre-Back,25000000.00,1993-03-03 00:00:00,Germany
https://www.transfermarkt.com/fc-chelsea/startseite/verein/631/saison_id/2020,/thiago-silva/profil/spieler/29241,Thiago Silva,Centre-Back,3500000.00,1984-09-22 00:00:00,Brazil
https://www.transfermarkt.com/fc-chelsea/startseite/verein/631/saison_id/2020,/ben-chilwell/profil/spieler/316125,Ben Chilwell,Left-Back,50000000.00,1996-12-21 00:00:00,England
https://www.transfermarkt.com/fc-chelsea/startseite/verein/631/saison_id/2020,/emerson/profil/spieler/181778,Emerson,Left-Back,15000000.00,1994-08-03 00:00:00,Italy
https://www.transfermarkt.com/fc-chelsea/startseite/verein/631/saison_id/2020,/marcos-alonso/profil/spieler/112515,Marcos Alonso,Left-Back,13000000.00,1990-12-28 00:00:00,Spain
https://www.transfermarkt.com/fc-chelsea/startseite/verein/631/saison_id/2020,/reece-james/profil/spieler/472423,Reece James,Right-Back,40000000.00,1999-12-08 00:00:00,England
https://www.transfermarkt.com/fc-chelsea/startseite/verein/631/saison_id/2020,/cesar-azpilicueta/profil/spieler/57500,César Azpilicueta,Right-Back,17000000.00,1989-08-28 00:00:00,Spain
https://www.transfermarkt.com/fc-chelsea/startseite/verein/631/saison_id/2020,/jorginho/profil/spieler/102017,Jorginho,Defensive Midfield,45000000.00,1991-12-20 00:00:00,Italy
https://www.transfermarkt.com/fc-chelsea/startseite/verein/631/saison_id/2020,/ngolo-kante/profil/spieler/225083,N'Golo Kanté,Central Midfield,55000000.00,1991-03-29 00:00:00,France
https://www.transfermarkt.com/fc-chelsea/startseite/verein/631/saison_id/2020,/mateo-kovacic/profil/spieler/51471,Mateo Kovacic,Central Midfield,45000000.00,1994-05-06 00:00:00,Croatia
https://www.transfermarkt.com/fc-chelsea/startseite/verein/631/saison_id/2020,/billy-gilmour/profil/spieler/423744,Billy Gilmour,Central Midfield,7000000.00,2001-06-11 00:00:00,Scotland
https://www.transfermarkt.com/fc-chelsea/startseite/verein/631/saison_id/2020,/kai-havertz/profil/spieler/309400,Kai Havertz,Attacking Midfield,70000000.00,1999-06-11 00:00:00,Germany
https://www.transfermarkt.com/fc-chelsea/startseite/verein/631/saison_id/2020,/mason-mount/profil/spieler/346483,Mason Mount,Attacking Midfield,60000000.00,1999-01-10 00:00:00,England
https://www.transfermarkt.com/fc-chelsea/startseite/verein/631/saison_id/2020,/charly-musonda-jr-/profil/spieler/177862,Charly Musonda Jr.,Attacking Midfield,1000000.00,1996-10-15 00:00:00,Belgium
https://www.transfermarkt.com/fc-chelsea/startseite/verein/631/saison_id/2020,/callum-hudson-odoi/profil/spieler/392768,Callum Hudson-Odoi,Left Winger,35000000.00,2000-11-07 00:00:00,England
https://www.transfermarkt.com/fc-chelsea/startseite/verein/631/saison_id/2020,/christian-pulisic/profil/spieler/315779,Christian Pulisic,Right Winger,50000000.00,1998-09-18 00:00:00,United States
https://www.transfermarkt.com/fc-chelsea/startseite/verein/631/saison_id/2020,/hakim-ziyech/profil/spieler/217111,Hakim Ziyech,Right Winger,40000000.00,1993-03-19 00:00:00,Morocco
https://www.transfermarkt.com/fc-chelsea/startseite/verein/631/saison_id/2020,/timo-werner/profil/spieler/170527,Timo Werner,Centre-Forward,65000000.00,1996-03-06 00:00:00,Germany
https://www.transfermarkt.com/fc-chelsea/startseite/verein/631/saison_id/2020,/tammy-abraham/profil/spieler/331726,Tammy Abraham,Centre-Forward,40000000.00,1997-10-02 00:00:00,England
https://www.transfermarkt.com/fc-chelsea/startseite/verein/631/saison_id/2020,/olivier-giroud/profil/spieler/82442,Olivier Giroud,Centre-Forward,5000000.00,1986-09-30 00:00:00,France
https://www.transfermarkt.com/manchester-united/startseite/verein/985/saison_id/2020,/david-de-gea/profil/spieler/59377,David de Gea,Goalkeeper,22000000.00,1990-11-07 00:00:00,Spain
https://www.transfermarkt.com/manchester-united/startseite/verein/985/saison_id/2020,/dean-henderson/profil/spieler/258919,Dean Henderson,Goalkeeper,20000000.00,1997-03-12 00:00:00,England
https://www.transfermarkt.com/manchester-united/startseite/verein/985/saison_id/2020,/sergio-romero/profil/spieler/30690,Sergio Romero,Goalkeeper,1500000.00,1987-02-22 00:00:00,Argentina
https://www.transfermarkt.com/manchester-united/startseite/verein/985/saison_id/2020,/nathan-bishop/profil/spieler/495033,Nathan Bishop,Goalkeeper,300000,1999-10-15 00:00:00,England
https://www.transfermarkt.com/manchester-united/startseite/verein/985/saison_id/2020,/lee-grant/profil/spieler/13460,Lee Grant,Goalkeeper,250000,1983-01-27 00:00:00,England
https://www.transfermarkt.com/manchester-united/startseite/verein/985/saison_id/2020,/harry-maguire/profil/spieler/177907,Harry Maguire,Centre-Back,40000000.00,1993-03-05 00:00:00,England
https://www.transfermarkt.com/manchester-united/startseite/verein/985/saison_id/2020,/victor-lindelof/profil/spieler/184573,Victor Lindelöf,Centre-Back,24000000.00,1994-07-17 00:00:00,Sweden
https://www.transfermarkt.com/manchester-united/startseite/verein/985/saison_id/2020,/eric-bailly/profil/spieler/286384,Eric Bailly,Centre-Back,15000000.00,1994-04-12 00:00:00,Cote d'Ivoire
https://www.transfermarkt.com/manchester-united/startseite/verein/985/saison_id/2020,/axel-tuanzebe/profil/spieler/342046,Axel Tuanzebe,Centre-Back,8000000.00,1997-11-14 00:00:00,England
https://www.transfermarkt.com/manchester-united/startseite/verein/985/saison_id/2020,/phil-jones/profil/spieler/117996,Phil Jones,Centre-Back,5000000.00,1992-02-21 00:00:00,England
https://www.transfermarkt.com/manchester-united/startseite/verein/985/saison_id/2020,/alex-telles/profil/spieler/255755,Alex Telles,Left-Back,28000000.00,1992-12-15 00:00:00,Brazil
https://www.transfermarkt.com/manchester-united/startseite/verein/985/saison_id/2020,/luke-shaw/profil/spieler/183288,Luke Shaw,Left-Back,25000000.00,1995-07-12 00:00:00,England
https://www.transfermarkt.com/manchester-united/startseite/verein/985/saison_id/2020,/brandon-williams/profil/spieler/507700,Brandon Williams,Left-Back,10000000.00,2000-09-03 00:00:00,England
https://www.transfermarkt.com/manchester-united/startseite/verein/985/saison_id/2020,/aaron-wan-bissaka/profil/spieler/477758,Aaron Wan-Bissaka,Right-Back,40000000.00,1997-11-26 00:00:00,England
https://www.transfermarkt.com/manchester-united/startseite/verein/985/saison_id/2020,/nemanja-matic/profil/spieler/74683,Nemanja Matic,Defensive Midfield,10000000.00,1988-08-01 00:00:00,Serbia
https://www.transfermarkt.com/manchester-united/startseite/verein/985/saison_id/2020,/paul-pogba/profil/spieler/122153,Paul Pogba,Central Midfield,60000000.00,1993-03-15 00:00:00,France
https://www.transfermarkt.com/manchester-united/startseite/verein/985/saison_id/2020,/donny-van-de-beek/profil/spieler/288255,Donny van de Beek,Central Midfield,35000000.00,1997-04-18 00:00:00,Netherlands
https://www.transfermarkt.com/manchester-united/startseite/verein/985/saison_id/2020,/scott-mctominay/profil/spieler/315969,Scott McTominay,Central Midfield,30000000.00,1996-12-08 00:00:00,Scotland
https://www.transfermarkt.com/manchester-united/startseite/verein/985/saison_id/2020,/fred/profil/spieler/191614,Fred,Central Midfield,22000000.00,1993-03-05 00:00:00,Brazil
https://www.transfermarkt.com/manchester-united/startseite/verein/985/saison_id/2020,/ethan-galbraith/profil/spieler/433991,Ethan Galbraith,Central Midfield,900000,2001-05-11 00:00:00,Northern Ireland
https://www.transfermarkt.com/manchester-united/startseite/verein/985/saison_id/2020,/hannibal-mejbri/profil/spieler/607224,Hannibal Mejbri,Central Midfield,-1,2003-01-21 00:00:00,France
https://www.transfermarkt.com/manchester-united/startseite/verein/985/saison_id/2020,/bruno-fernandes/profil/spieler/240306,Bruno Fernandes,Attacking Midfield,90000000.00,1994-09-08 00:00:00,Portugal
https://www.transfermarkt.com/manchester-united/startseite/verein/985/saison_id/2020,/juan-mata/profil/spieler/44068,Juan Mata,Attacking Midfield,6000000.00,1988-04-28 00:00:00,Spain
https://www.transfermarkt.com/manchester-united/startseite/verein/985/saison_id/2020,/marcus-rashford/profil/spieler/258923,Marcus Rashford,Left Winger,85000000.00,1997-10-31 00:00:00,England
https://www.transfermarkt.com/manchester-united/startseite/verein/985/saison_id/2020,/daniel-james/profil/spieler/319301,Daniel James,Left Winger,18000000.00,1997-11-10 00:00:00,Wales
https://www.transfermarkt.com/manchester-united/startseite/verein/985/saison_id/2020,/anthony-elanga/profil/spieler/583189,Anthony Elanga,Left Winger,-1,2002-04-27 00:00:00,Sweden
https://www.transfermarkt.com/manchester-united/startseite/verein/985/saison_id/2020,/mason-greenwood/profil/spieler/532826,Mason Greenwood,Right Winger,50000000.00,2001-10-01 00:00:00,England
https://www.transfermarkt.com/manchester-united/startseite/verein/985/saison_id/2020,/amad-diallo/profil/spieler/536835,Amad Diallo,Right Winger,15000000.00,2002-07-11 00:00:00,Cote d'Ivoire
https://www.transfermarkt.com/manchester-united/startseite/verein/985/saison_id/2020,/anthony-martial/profil/spieler/182877,Anthony Martial,Centre-Forward,50000000.00,1995-12-05 00:00:00,France
https://www.transfermarkt.com/manchester-united/startseite/verein/985/saison_id/2020,/edinson-cavani/profil/spieler/48280,Edinson Cavani,Centre-Forward,7000000.00,1987-02-14 00:00:00,Uruguay
https://www.transfermarkt.com/tottenham-hotspur/startseite/verein/148/saison_id/2020,/hugo-lloris/profil/spieler/17965,Hugo Lloris,Goalkeeper,9000000.00,1986-12-26 00:00:00,France
https://www.transfermarkt.com/tottenham-hotspur/startseite/verein/148/saison_id/2020,/joe-hart/profil/spieler/40204,Joe Hart,Goalkeeper,2000000.00,1987-04-19 00:00:00,England
https://www.transfermarkt.com/tottenham-hotspur/startseite/verein/148/saison_id/2020,/alfie-whiteman/profil/spieler/282823,Alfie Whiteman,Goalkeeper,800000,1998-10-02 00:00:00,England
https://www.transfermarkt.com/tottenham-hotspur/startseite/verein/148/saison_id/2020,/davinson-sanchez/profil/spieler/341429,Davinson Sánchez,Centre-Back,35000000.00,1996-06-12 00:00:00,Colombia
https://www.transfermarkt.com/tottenham-hotspur/startseite/verein/148/saison_id/2020,/eric-dier/profil/spieler/175722,Eric Dier,Centre-Back,25000000.00,1994-01-15 00:00:00,England
https://www.transfermarkt.com/tottenham-hotspur/startseite/verein/148/saison_id/2020,/toby-alderweireld/profil/spieler/42710,Toby Alderweireld,Centre-Back,15000000.00,1989-03-02 00:00:00,Belgium
https://www.transfermarkt.com/tottenham-hotspur/startseite/verein/148/saison_id/2020,/joe-rodon/profil/spieler/297212,Joe Rodon,Centre-Back,10000000.00,1997-10-22 00:00:00,Wales
https://www.transfermarkt.com/tottenham-hotspur/startseite/verein/148/saison_id/2020,/japhet-tanganga/profil/spieler/346478,Japhet Tanganga,Centre-Back,8000000.00,1999-03-31 00:00:00,England
https://www.transfermarkt.com/tottenham-hotspur/startseite/verein/148/saison_id/2020,/sergio-reguilon/profil/spieler/282429,Sergio Reguilón,Left-Back,25000000.00,1996-12-16 00:00:00,Spain
https://www.transfermarkt.com/tottenham-hotspur/startseite/verein/148/saison_id/2020,/ben-davies/profil/spieler/192765,Ben Davies,Left-Back,16000000.00,1993-04-24 00:00:00,Wales
https://www.transfermarkt.com/tottenham-hotspur/startseite/verein/148/saison_id/2020,/danny-rose/profil/spieler/50174,Danny Rose,Left-Back,4000000.00,1990-07-02 00:00:00,England
https://www.transfermarkt.com/tottenham-hotspur/startseite/verein/148/saison_id/2020,/serge-aurier/profil/spieler/127032,Serge Aurier,Right-Back,20000000.00,1992-12-24 00:00:00,Cote d'Ivoire
https://www.transfermarkt.com/tottenham-hotspur/startseite/verein/148/saison_id/2020,/matt-doherty/profil/spieler/171679,Matt Doherty,Right-Back,18000000.00,1992-01-16 00:00:00,Ireland
https://www.transfermarkt.com/tottenham-hotspur/startseite/verein/148/saison_id/2020,/harry-winks/profil/spieler/249126,Harry Winks,Defensive Midfield,22000000.00,1996-02-02 00:00:00,England
https://www.transfermarkt.com/tottenham-hotspur/startseite/verein/148/saison_id/2020,/tanguy-ndombele/profil/spieler/450936,Tanguy Ndombélé,Central Midfield,50000000.00,1996-12-28 00:00:00,France
https://www.transfermarkt.com/tottenham-hotspur/startseite/verein/148/saison_id/2020,/pierre-emile-hojbjerg/profil/spieler/167799,Pierre-Emile Höjbjerg,Central Midfield,35000000.00,1995-08-05 00:00:00,Denmark
https://www.transfermarkt.com/tottenham-hotspur/startseite/verein/148/saison_id/2020,/giovani-lo-celso/profil/spieler/348795,Giovani Lo Celso,Central Midfield,30000000.00,1996-04-09 00:00:00,Argentina
https://www.transfermarkt.com/tottenham-hotspur/startseite/verein/148/saison_id/2020,/moussa-sissoko/profil/spieler/46001,Moussa Sissoko,Central Midfield,13000000.00,1989-08-16 00:00:00,France
https://www.transfermarkt.com/tottenham-hotspur/startseite/verein/148/saison_id/2020,/dele-alli/profil/spieler/207929,Dele Alli,Attacking Midfield,32000000.00,1996-04-11 00:00:00,England
https://www.transfermarkt.com/tottenham-hotspur/startseite/verein/148/saison_id/2020,/heung-min-son/profil/spieler/91845,Heung-min Son,Left Winger,85000000.00,1992-07-08 00:00:00,"Korea, South"
https://www.transfermarkt.com/tottenham-hotspur/startseite/verein/148/saison_id/2020,/steven-bergwijn/profil/spieler/284165,Steven Bergwijn,Left Winger,25000000.00,1997-10-08 00:00:00,Netherlands
https://www.transfermarkt.com/tottenham-hotspur/startseite/verein/148/saison_id/2020,/lucas-moura/profil/spieler/77100,Lucas Moura,Right Winger,25000000.00,1992-08-13 00:00:00,Brazil
https://www.transfermarkt.com/tottenham-hotspur/startseite/verein/148/saison_id/2020,/gareth-bale/profil/spieler/39381,Gareth Bale,Right Winger,20000000.00,1989-07-16 00:00:00,Wales
https://www.transfermarkt.com/tottenham-hotspur/startseite/verein/148/saison_id/2020,/erik-lamela/profil/spieler/111630,Erik Lamela,Right Winger,16000000.00,1992-03-04 00:00:00,Argentina
https://www.transfermarkt.com/tottenham-hotspur/startseite/verein/148/saison_id/2020,/harry-kane/profil/spieler/132098,Harry Kane,Centre-Forward,120000000.00,1993-07-28 00:00:00,England
https://www.transfermarkt.com/tottenham-hotspur/startseite/verein/148/saison_id/2020,/carlos-vinicius/profil/spieler/525287,Carlos Vinícius,Centre-Forward,20000000.00,1995-03-25 00:00:00,Brazil
https://www.transfermarkt.com/fc-arsenal/startseite/verein/11/saison_id/2020,/bernd-leno/profil/spieler/72476,Bernd Leno,Goalkeeper,25000000.00,1992-03-04 00:00:00,Germany
https://www.transfermarkt.com/fc-arsenal/startseite/verein/11/saison_id/2020,/mathew-ryan/profil/spieler/128969,Mathew Ryan,Goalkeeper,6000000.00,1992-04-08 00:00:00,Australia
https://www.transfermarkt.com/fc-arsenal/startseite/verein/11/saison_id/2020,/runar-alex-runarsson/profil/spieler/205657,Rúnar Alex Rúnarsson,Goalkeeper,1800000.00,1995-02-18 00:00:00,Iceland
https://www.transfermarkt.com/fc-arsenal/startseite/verein/11/saison_id/2020,/dejan-iliev/profil/spieler/205757,Dejan Iliev,Goalkeeper,300000,1995-02-25 00:00:00,North Macedonia
https://www.transfermarkt.com/fc-arsenal/startseite/verein/11/saison_id/2020,/gabriel/profil/spieler/435338,Gabriel,Centre-Back,25000000.00,1997-12-19 00:00:00,Brazil
https://www.transfermarkt.com/fc-arsenal/startseite/verein/11/saison_id/2020,/rob-holding/profil/spieler/253341,Rob Holding,Centre-Back,16000000.00,1995-09-20 00:00:00,England
https://www.transfermarkt.com/fc-arsenal/startseite/verein/11/saison_id/2020,/calum-chambers/profil/spieler/215118,Calum Chambers,Centre-Back,12000000.00,1995-01-20 00:00:00,England
https://www.transfermarkt.com/fc-arsenal/startseite/verein/11/saison_id/2020,/pablo-mari/profil/spieler/210178,Pablo Marí,Centre-Back,7000000.00,1993-08-31 00:00:00,Spain
https://www.transfermarkt.com/fc-arsenal/startseite/verein/11/saison_id/2020,/david-luiz/profil/spieler/46741,David Luiz,Centre-Back,5000000.00,1987-04-22 00:00:00,Brazil
https://www.transfermarkt.com/fc-arsenal/startseite/verein/11/saison_id/2020,/kieran-tierney/profil/spieler/300716,Kieran Tierney,Left-Back,30000000.00,1997-06-05 00:00:00,Scotland
https://www.transfermarkt.com/fc-arsenal/startseite/verein/11/saison_id/2020,/hector-bellerin/profil/spieler/191217,Héctor Bellerín,Right-Back,25000000.00,1995-03-19 00:00:00,Spain
https://www.transfermarkt.com/fc-arsenal/startseite/verein/11/saison_id/2020,/cedric-soares/profil/spieler/112988,Cédric Soares,Right-Back,6000000.00,1991-08-31 00:00:00,Portugal
https://www.transfermarkt.com/fc-arsenal/startseite/verein/11/saison_id/2020,/thomas-partey/profil/spieler/230784,Thomas Partey,Defensive Midfield,45000000.00,1993-06-13 00:00:00,Ghana
https://www.transfermarkt.com/fc-arsenal/startseite/verein/11/saison_id/2020,/granit-xhaka/profil/spieler/111455,Granit Xhaka,Defensive Midfield,22000000.00,1992-09-27 00:00:00,Switzerland
https://www.transfermarkt.com/fc-arsenal/startseite/verein/11/saison_id/2020,/mohamed-elneny/profil/spieler/160438,Mohamed Elneny,Defensive Midfield,10000000.00,1992-07-11 00:00:00,Egypt
https://www.transfermarkt.com/fc-arsenal/startseite/verein/11/saison_id/2020,/dani-ceballos/profil/spieler/319745,Dani Ceballos,Central Midfield,30000000.00,1996-08-07 00:00:00,Spain
https://www.transfermarkt.com/fc-arsenal/startseite/verein/11/saison_id/2020,/martin-odegaard/profil/spieler/316264,Martin Ødegaard,Attacking Midfield,40000000.00,1998-12-17 00:00:00,Norway
https://www.transfermarkt.com/fc-arsenal/startseite/verein/11/saison_id/2020,/emile-smith-rowe/profil/spieler/392765,Emile Smith Rowe,Attacking Midfield,13000000.00,2000-07-28 00:00:00,England
https://www.transfermarkt.com/fc-arsenal/startseite/verein/11/saison_id/2020,/gabriel-martinelli/profil/spieler/655488,Gabriel Martinelli,Left Winger,22000000.00,2001-06-18 00:00:00,Brazil
https://www.transfermarkt.com/fc-arsenal/startseite/verein/11/saison_id/2020,/bukayo-saka/profil/spieler/433177,Bukayo Saka,Right Winger,60000000.00,2001-09-05 00:00:00,England
https://www.transfermarkt.com/fc-arsenal/startseite/verein/11/saison_id/2020,/nicolas-pepe/profil/spieler/343052,Nicolas Pépé,Right Winger,38000000.00,1995-05-29 00:00:00,Cote d'Ivoire
https://www.transfermarkt.com/fc-arsenal/startseite/verein/11/saison_id/2020,/willian/profil/spieler/52769,Willian,Right Winger,12000000.00,1988-08-09 00:00:00,Brazil
https://www.transfermarkt.com/fc-arsenal/startseite/verein/11/saison_id/2020,/reiss-nelson/profil/spieler/340325,Reiss Nelson,Right Winger,10000000.00,1999-12-10 00:00:00,England
https://www.transfermarkt.com/fc-arsenal/startseite/verein/11/saison_id/2020,/alexandre-lacazette/profil/spieler/93720,Alexandre Lacazette,Centre-Forward,35000000.00,1991-05-28 00:00:00,France
https://www.transfermarkt.com/fc-arsenal/startseite/verein/11/saison_id/2020,/pierre-emerick-aubameyang/profil/spieler/58864,Pierre-Emerick Aubameyang,Centre-Forward,35000000.00,1989-06-18 00:00:00,Gabon
https://www.transfermarkt.com/fc-arsenal/startseite/verein/11/saison_id/2020,/eddie-nketiah/profil/spieler/340324,Eddie Nketiah,Centre-Forward,18000000.00,1999-05-30 00:00:00,England
https://www.transfermarkt.com/leicester-city/startseite/verein/1003/saison_id/2020,/kasper-schmeichel/profil/spieler/16911,Kasper Schmeichel,Goalkeeper,8000000.00,1986-11-05 00:00:00,Denmark
https://www.transfermarkt.com/leicester-city/startseite/verein/1003/saison_id/2020,/danny-ward/profil/spieler/203026,Danny Ward,Goalkeeper,6000000.00,1993-06-22 00:00:00,Wales
https://www.transfermarkt.com/leicester-city/startseite/verein/1003/saison_id/2020,/eldin-jakupovic/profil/spieler/2857,Eldin Jakupovic,Goalkeeper,400000,1984-10-02 00:00:00,Switzerland
https://www.transfermarkt.com/leicester-city/startseite/verein/1003/saison_id/2020,/caglar-soyuncu/profil/spieler/320141,Caglar Söyüncü,Centre-Back,40000000.00,1996-05-23 00:00:00,Turkey
https://www.transfermarkt.com/leicester-city/startseite/verein/1003/saison_id/2020,/wesley-fofana/profil/spieler/475411,Wesley Fofana,Centre-Back,30000000.00,2000-12-17 00:00:00,France
https://www.transfermarkt.com/leicester-city/startseite/verein/1003/saison_id/2020,/jonny-evans/profil/spieler/42412,Jonny Evans,Centre-Back,7000000.00,1988-01-03 00:00:00,Northern Ireland
https://www.transfermarkt.com/leicester-city/startseite/verein/1003/saison_id/2020,/daniel-amartey/profil/spieler/214056,Daniel Amartey,Centre-Back,5000000.00,1994-12-21 00:00:00,Ghana
https://www.transfermarkt.com/leicester-city/startseite/verein/1003/saison_id/2020,/wes-morgan/profil/spieler/10003,Wes Morgan,Centre-Back,500000,1984-01-21 00:00:00,Jamaica
https://www.transfermarkt.com/leicester-city/startseite/verein/1003/saison_id/2020,/luke-thomas/profil/spieler/505194,Luke Thomas,Left-Back,3000000.00,2001-06-10 00:00:00,England
https://www.transfermarkt.com/leicester-city/startseite/verein/1003/saison_id/2020,/christian-fuchs/profil/spieler/6636,Christian Fuchs,Left-Back,1000000.00,1986-04-07 00:00:00,Austria
https://www.transfermarkt.com/leicester-city/startseite/verein/1003/saison_id/2020,/ricardo-pereira/profil/spieler/215876,Ricardo Pereira,Right-Back,30000000.00,1993-10-06 00:00:00,Portugal
https://www.transfermarkt.com/leicester-city/startseite/verein/1003/saison_id/2020,/timothy-castagne/profil/spieler/262226,Timothy Castagne,Right-Back,24000000.00,1995-12-05 00:00:00,Belgium
https://www.transfermarkt.com/leicester-city/startseite/verein/1003/saison_id/2020,/james-justin/profil/spieler/413220,James Justin,Right-Back,17000000.00,1998-02-23 00:00:00,England
https://www.transfermarkt.com/leicester-city/startseite/verein/1003/saison_id/2020,/wilfred-ndidi/profil/spieler/274839,Wilfred Ndidi,Defensive Midfield,50000000.00,1996-12-16 00:00:00,Nigeria
https://www.transfermarkt.com/leicester-city/startseite/verein/1003/saison_id/2020,/hamza-choudhury/profil/spieler/341501,Hamza Choudhury,Defensive Midfield,8000000.00,1997-10-01 00:00:00,England
https://www.transfermarkt.com/leicester-city/startseite/verein/1003/saison_id/2020,/nampalys-mendy/profil/spieler/111051,Nampalys Mendy,Defensive Midfield,8000000.00,1992-06-23 00:00:00,Senegal
https://www.transfermarkt.com/leicester-city/startseite/verein/1003/saison_id/2020,/youri-tielemans/profil/spieler/249565,Youri Tielemans,Central Midfield,55000000.00,1997-05-07 00:00:00,Belgium
https://www.transfermarkt.com/leicester-city/startseite/verein/1003/saison_id/2020,/dennis-praet/profil/spieler/129588,Dennis Praet,Central Midfield,20000000.00,1994-05-14 00:00:00,Belgium
https://www.transfermarkt.com/leicester-city/startseite/verein/1003/saison_id/2020,/marc-albrighton/profil/spieler/61560,Marc Albrighton,Right Midfield,5000000.00,1989-11-18 00:00:00,England
https://www.transfermarkt.com/leicester-city/startseite/verein/1003/saison_id/2020,/harvey-barnes/profil/spieler/398065,Harvey Barnes,Left Midfield,35000000.00,1997-12-09 00:00:00,England
https://www.transfermarkt.com/leicester-city/startseite/verein/1003/saison_id/2020,/james-maddison/profil/spieler/294057,James Maddison,Attacking Midfield,60000000.00,1996-11-23 00:00:00,England
https://www.transfermarkt.com/leicester-city/startseite/verein/1003/saison_id/2020,/cengiz-under/profil/spieler/341647,Cengiz Ünder,Right Winger,20000000.00,1997-07-14 00:00:00,Turkey
https://www.transfermarkt.com/leicester-city/startseite/verein/1003/saison_id/2020,/ayoze-perez/profil/spieler/246968,Ayoze Pérez,Second Striker,18000000.00,1993-07-29 00:00:00,Spain
https://www.transfermarkt.com/leicester-city/startseite/verein/1003/saison_id/2020,/kelechi-iheanacho/profil/spieler/295330,Kelechi Iheanacho,Centre-Forward,15000000.00,1996-10-03 00:00:00,Nigeria
https://www.transfermarkt.com/leicester-city/startseite/verein/1003/saison_id/2020,/jamie-vardy/profil/spieler/197838,Jamie Vardy,Centre-Forward,10000000.00,1987-01-11 00:00:00,England
https://www.transfermarkt.com/fc-everton/startseite/verein/29/saison_id/2020,/jordan-pickford/profil/spieler/130164,Jordan Pickford,Goalkeeper,22000000.00,1994-03-07 00:00:00,England
https://www.transfermarkt.com/fc-everton/startseite/verein/29/saison_id/2020,/robin-olsen/profil/spieler/75458,Robin Olsen,Goalkeeper,4000000.00,1990-01-08 00:00:00,Sweden
https://www.transfermarkt.com/fc-everton/startseite/verein/29/saison_id/2020,/joao-virginia/profil/spieler/329813,João Virgínia,Goalkeeper,500000,1999-10-10 00:00:00,Portugal
https://www.transfermarkt.com/fc-everton/startseite/verein/29/saison_id/2020,/michael-keane/profil/spieler/118534,Michael Keane,Centre-Back,28000000.00,1993-01-11 00:00:00,England
https://www.transfermarkt.com/fc-everton/startseite/verein/29/saison_id/2020,/ben-godfrey/profil/spieler/343475,Ben Godfrey,Centre-Back,25000000.00,1998-01-15 00:00:00,England
https://www.transfermarkt.com/fc-everton/startseite/verein/29/saison_id/2020,/yerry-mina/profil/spieler/289446,Yerry Mina,Centre-Back,20000000.00,1994-09-23 00:00:00,Colombia
https://www.transfermarkt.com/fc-everton/startseite/verein/29/saison_id/2020,/mason-holgate/profil/spieler/348623,Mason Holgate,Centre-Back,18000000.00,1996-10-22 00:00:00,England
https://www.transfermarkt.com/fc-everton/startseite/verein/29/saison_id/2020,/lucas-digne/profil/spieler/126664,Lucas Digne,Left-Back,35000000.00,1993-07-20 00:00:00,France
https://www.transfermarkt.com/fc-everton/startseite/verein/29/saison_id/2020,/niels-nkounkou/profil/spieler/591193,Niels Nkounkou,Left-Back,3000000.00,2000-11-01 00:00:00,France
https://www.transfermarkt.com/fc-everton/startseite/verein/29/saison_id/2020,/seamus-coleman/profil/spieler/68390,Seamus Coleman,Right-Back,7000000.00,1988-10-11 00:00:00,Ireland
https://www.transfermarkt.com/fc-everton/startseite/verein/29/saison_id/2020,/jean-philippe-gbamin/profil/spieler/182894,Jean-Philippe Gbamin,Defensive Midfield,18000000.00,1995-09-25 00:00:00,Cote d'Ivoire
https://www.transfermarkt.com/fc-everton/startseite/verein/29/saison_id/2020,/muhamed-besic/profil/spieler/93905,Muhamed Besic,Defensive Midfield,2000000.00,1992-09-10 00:00:00,Bosnia-Herzegovina
https://www.transfermarkt.com/fc-everton/startseite/verein/29/saison_id/2020,/abdoulaye-doucoure/profil/spieler/127187,Abdoulaye Doucouré,Central Midfield,25000000.00,1993-01-01 00:00:00,France
https://www.transfermarkt.com/fc-everton/startseite/verein/29/saison_id/2020,/allan/profil/spieler/126422,Allan,Central Midfield,22000000.00,1991-01-08 00:00:00,Brazil
https://www.transfermarkt.com/fc-everton/startseite/verein/29/saison_id/2020,/andre-gomes/profil/spieler/221025,André Gomes,Central Midfield,20000000.00,1993-07-30 00:00:00,Portugal
https://www.transfermarkt.com/fc-everton/startseite/verein/29/saison_id/2020,/tom-davies/profil/spieler/314210,Tom Davies,Central Midfield,16000000.00,1998-06-30 00:00:00,England
https://www.transfermarkt.com/fc-everton/startseite/verein/29/saison_id/2020,/fabian-delph/profil/spieler/50362,Fabian Delph,Central Midfield,5000000.00,1989-11-21 00:00:00,England
https://www.transfermarkt.com/fc-everton/startseite/verein/29/saison_id/2020,/james-rodriguez/profil/spieler/88103,James Rodríguez,Attacking Midfield,30000000.00,1991-07-12 00:00:00,Colombia
https://www.transfermarkt.com/fc-everton/startseite/verein/29/saison_id/2020,/gylfi-sigurdsson/profil/spieler/90466,Gylfi Sigurdsson,Attacking Midfield,15000000.00,1989-09-08 00:00:00,Iceland
https://www.transfermarkt.com/fc-everton/startseite/verein/29/saison_id/2020,/richarlison/profil/spieler/378710,Richarlison,Left Winger,60000000.00,1997-05-10 00:00:00,Brazil
https://www.transfermarkt.com/fc-everton/startseite/verein/29/saison_id/2020,/alex-iwobi/profil/spieler/242631,Alex Iwobi,Left Winger,22000000.00,1996-05-03 00:00:00,Nigeria
https://www.transfermarkt.com/fc-everton/startseite/verein/29/saison_id/2020,/bernard/profil/spieler/175169,Bernard,Left Winger,12000000.00,1992-09-08 00:00:00,Brazil
https://www.transfermarkt.com/fc-everton/startseite/verein/29/saison_id/2020,/joshua-king/profil/spieler/91059,Joshua King,Second Striker,10000000.00,1992-01-15 00:00:00,Norway
https://www.transfermarkt.com/fc-everton/startseite/verein/29/saison_id/2020,/dominic-calvert-lewin/profil/spieler/306024,Dominic Calvert-Lewin,Centre-Forward,45000000.00,1997-03-16 00:00:00,England
https://www.transfermarkt.com/wolverhampton-wanderers/startseite/verein/543/saison_id/2020,/rui-patricio/profil/spieler/45026,Rui Patrício,Goalkeeper,10000000.00,1988-02-15 00:00:00,Portugal
https://www.transfermarkt.com/wolverhampton-wanderers/startseite/verein/543/saison_id/2020,/john-ruddy/profil/spieler/29712,John Ruddy,Goalkeeper,1000000.00,1986-10-24 00:00:00,England
https://www.transfermarkt.com/wolverhampton-wanderers/startseite/verein/543/saison_id/2020,/andreas-sondergaard/profil/spieler/462820,Andreas Söndergaard,Goalkeeper,-1,2001-01-17 00:00:00,Denmark
https://www.transfermarkt.com/wolverhampton-wanderers/startseite/verein/543/saison_id/2020,/conor-coady/profil/spieler/128901,Conor Coady,Centre-Back,22000000.00,1993-02-25 00:00:00,England
https://www.transfermarkt.com/wolverhampton-wanderers/startseite/verein/543/saison_id/2020,/willy-boly/profil/spieler/142310,Willy Boly,Centre-Back,14000000.00,1991-02-03 00:00:00,Cote d'Ivoire
https://www.transfermarkt.com/wolverhampton-wanderers/startseite/verein/543/saison_id/2020,/romain-saiss/profil/spieler/204198,Romain Saïss,Centre-Back,10000000.00,1990-03-26 00:00:00,Morocco
https://www.transfermarkt.com/wolverhampton-wanderers/startseite/verein/543/saison_id/2020,/max-kilman/profil/spieler/525247,Max Kilman,Centre-Back,4500000.00,1997-05-23 00:00:00,England
https://www.transfermarkt.com/wolverhampton-wanderers/startseite/verein/543/saison_id/2020,/rayan-ait-nouri/profil/spieler/578391,Rayan Aït Nouri,Left-Back,20000000.00,2001-06-06 00:00:00,France
https://www.transfermarkt.com/wolverhampton-wanderers/startseite/verein/543/saison_id/2020,/jonny-otto/profil/spieler/175446,Jonny Otto,Left-Back,15000000.00,1994-03-03 00:00:00,Spain
https://www.transfermarkt.com/wolverhampton-wanderers/startseite/verein/543/saison_id/2020,/marcal/profil/spieler/137745,Marçal,Left-Back,1800000.00,1989-02-19 00:00:00,Brazil
https://www.transfermarkt.com/wolverhampton-wanderers/startseite/verein/543/saison_id/2020,/nelson-semedo/profil/spieler/231572,Nélson Semedo,Right-Back,32000000.00,1993-11-16 00:00:00,Portugal
https://www.transfermarkt.com/wolverhampton-wanderers/startseite/verein/543/saison_id/2020,/ki-jana-hoever/profil/spieler/485583,Ki-Jana Hoever,Right-Back,7000000.00,2002-01-18 00:00:00,Netherlands
https://www.transfermarkt.com/wolverhampton-wanderers/startseite/verein/543/saison_id/2020,/ruben-neves/profil/spieler/225161,Rúben Neves,Defensive Midfield,50000000.00,1997-03-13 00:00:00,Portugal
https://www.transfermarkt.com/wolverhampton-wanderers/startseite/verein/543/saison_id/2020,/leander-dendoncker/profil/spieler/168157,Leander Dendoncker,Defensive Midfield,32000000.00,1995-04-15 00:00:00,Belgium
https://www.transfermarkt.com/wolverhampton-wanderers/startseite/verein/543/saison_id/2020,/owen-otasowie/profil/spieler/511815,Owen Otasowie,Defensive Midfield,1500000.00,2001-01-06 00:00:00,United States
https://www.transfermarkt.com/wolverhampton-wanderers/startseite/verein/543/saison_id/2020,/morgan-gibbs-white/profil/spieler/429014,Morgan Gibbs-White,Central Midfield,6000000.00,2000-01-27 00:00:00,England
https://www.transfermarkt.com/wolverhampton-wanderers/startseite/verein/543/saison_id/2020,/vitinha/profil/spieler/487469,Vitinha,Central Midfield,6000000.00,2000-02-13 00:00:00,Portugal
https://www.transfermarkt.com/wolverhampton-wanderers/startseite/verein/543/saison_id/2020,/joao-moutinho/profil/spieler/29364,João Moutinho,Central Midfield,4000000.00,1986-09-08 00:00:00,Portugal
https://www.transfermarkt.com/wolverhampton-wanderers/startseite/verein/543/saison_id/2020,/pedro-neto/profil/spieler/487465,Pedro Neto,Left Winger,35000000.00,2000-03-09 00:00:00,Portugal
https://www.transfermarkt.com/wolverhampton-wanderers/startseite/verein/543/saison_id/2020,/adama-traore/profil/spieler/204103,Adama Traoré,Right Winger,35000000.00,1996-01-25 00:00:00,Spain
https://www.transfermarkt.com/wolverhampton-wanderers/startseite/verein/543/saison_id/2020,/daniel-podence/profil/spieler/256977,Daniel Podence,Right Winger,25000000.00,1995-10-21 00:00:00,Portugal
https://www.transfermarkt.com/wolverhampton-wanderers/startseite/verein/543/saison_id/2020,/raul-jimenez/profil/spieler/206040,Raúl Jiménez,Centre-Forward,35000000.00,1991-05-05 00:00:00,Mexico
https://www.transfermarkt.com/wolverhampton-wanderers/startseite/verein/543/saison_id/2020,/fabio-silva/profil/spieler/505653,Fábio Silva,Centre-Forward,25000000.00,2002-07-19 00:00:00,Portugal
https://www.transfermarkt.com/wolverhampton-wanderers/startseite/verein/543/saison_id/2020,/willian-jose/profil/spieler/122155,Willian José,Centre-Forward,20000000.00,1991-11-23 00:00:00,Brazil
https://www.transfermarkt.com/wolverhampton-wanderers/startseite/verein/543/saison_id/2020,/renat-dadashov/profil/spieler/335461,Renat Dadashov,Centre-Forward,300000,1999-05-17 00:00:00,Azerbaijan
https://www.transfermarkt.com/aston-villa/startseite/verein/405/saison_id/2020,/emiliano-martinez/profil/spieler/111873,Emiliano Martínez,Goalkeeper,25000000.00,1992-09-02 00:00:00,Argentina
https://www.transfermarkt.com/aston-villa/startseite/verein/405/saison_id/2020,/tom-heaton/profil/spieler/34130,Tom Heaton,Goalkeeper,1800000.00,1986-04-15 00:00:00,England
https://www.transfermarkt.com/aston-villa/startseite/verein/405/saison_id/2020,/jed-steer/profil/spieler/110867,Jed Steer,Goalkeeper,800000,1992-09-23 00:00:00,England
https://www.transfermarkt.com/aston-villa/startseite/verein/405/saison_id/2020,/tyrone-mings/profil/spieler/253677,Tyrone Mings,Centre-Back,27000000.00,1993-03-13 00:00:00,England
https://www.transfermarkt.com/aston-villa/startseite/verein/405/saison_id/2020,/ezri-konsa/profil/spieler/413403,Ezri Konsa,Centre-Back,18000000.00,1997-10-23 00:00:00,England
https://www.transfermarkt.com/aston-villa/startseite/verein/405/saison_id/2020,/kortney-hause/profil/spieler/233124,Kortney Hause,Centre-Back,4500000.00,1995-07-16 00:00:00,England
https://www.transfermarkt.com/aston-villa/startseite/verein/405/saison_id/2020,/bjorn-engels/profil/spieler/193469,Björn Engels,Centre-Back,4000000.00,1994-09-15 00:00:00,Belgium
https://www.transfermarkt.com/aston-villa/startseite/verein/405/saison_id/2020,/matt-targett/profil/spieler/250478,Matt Targett,Left-Back,17000000.00,1995-09-18 00:00:00,England
https://www.transfermarkt.com/aston-villa/startseite/verein/405/saison_id/2020,/neil-taylor/profil/spieler/67416,Neil Taylor,Left-Back,1800000.00,1989-02-07 00:00:00,Wales
https://www.transfermarkt.com/aston-villa/startseite/verein/405/saison_id/2020,/matty-cash/profil/spieler/425334,Matty Cash,Right-Back,20000000.00,1997-08-07 00:00:00,England
https://www.transfermarkt.com/aston-villa/startseite/verein/405/saison_id/2020,/ahmed-elmohamady/profil/spieler/66333,Ahmed Elmohamady,Right-Back,1800000.00,1987-09-09 00:00:00,Egypt
https://www.transfermarkt.com/aston-villa/startseite/verein/405/saison_id/2020,/douglas-luiz/profil/spieler/447661,Douglas Luiz,Defensive Midfield,35000000.00,1998-05-09 00:00:00,Brazil
https://www.transfermarkt.com/aston-villa/startseite/verein/405/saison_id/2020,/marvelous-nakamba/profil/spieler/324882,Marvelous Nakamba,Defensive Midfield,8000000.00,1994-01-19 00:00:00,Zimbabwe
https://www.transfermarkt.com/aston-villa/startseite/verein/405/saison_id/2020,/john-mcginn/profil/spieler/193116,John McGinn,Central Midfield,28000000.00,1994-10-18 00:00:00,Scotland
https://www.transfermarkt.com/aston-villa/startseite/verein/405/saison_id/2020,/ross-barkley/profil/spieler/131978,Ross Barkley,Central Midfield,20000000.00,1993-12-05 00:00:00,England
https://www.transfermarkt.com/aston-villa/startseite/verein/405/saison_id/2020,/morgan-sanson/profil/spieler/174094,Morgan Sanson,Central Midfield,18000000.00,1994-08-18 00:00:00,France
https://www.transfermarkt.com/aston-villa/startseite/verein/405/saison_id/2020,/jacob-ramsey/profil/spieler/503749,Jacob Ramsey,Attacking Midfield,3500000.00,2001-05-28 00:00:00,England
https://www.transfermarkt.com/aston-villa/startseite/verein/405/saison_id/2020,/jack-grealish/profil/spieler/203460,Jack Grealish,Left Winger,60000000.00,1995-09-10 00:00:00,England
https://www.transfermarkt.com/aston-villa/startseite/verein/405/saison_id/2020,/trezeguet/profil/spieler/234189,Trezeguet,Left Winger,10000000.00,1994-10-01 00:00:00,Egypt
https://www.transfermarkt.com/aston-villa/startseite/verein/405/saison_id/2020,/bertrand-traore/profil/spieler/131996,Bertrand Traoré,Right Winger,16000000.00,1995-09-06 00:00:00,Burkina Faso
https://www.transfermarkt.com/aston-villa/startseite/verein/405/saison_id/2020,/anwar-el-ghazi/profil/spieler/183720,Anwar El Ghazi,Right Winger,10000000.00,1995-05-03 00:00:00,Netherlands
https://www.transfermarkt.com/aston-villa/startseite/verein/405/saison_id/2020,/ollie-watkins/profil/spieler/324358,Ollie Watkins,Centre-Forward,32000000.00,1995-12-30 00:00:00,England
https://www.transfermarkt.com/aston-villa/startseite/verein/405/saison_id/2020,/wesley/profil/spieler/381362,Wesley,Centre-Forward,15000000.00,1996-11-24 00:00:00,Brazil
https://www.transfermarkt.com/aston-villa/startseite/verein/405/saison_id/2020,/keinan-davis/profil/spieler/412660,Keinan Davis,Centre-Forward,2500000.00,1998-02-13 00:00:00,England
https://www.transfermarkt.com/west-ham-united/startseite/verein/379/saison_id/2020,/lukasz-fabianski/profil/spieler/29692,Lukasz Fabianski,Goalkeeper,1500000.00,1985-04-18 00:00:00,Poland
https://www.transfermarkt.com/west-ham-united/startseite/verein/379/saison_id/2020,/darren-randolph/profil/spieler/51321,Darren Randolph,Goalkeeper,1500000.00,1987-05-12 00:00:00,Ireland
https://www.transfermarkt.com/west-ham-united/startseite/verein/379/saison_id/2020,/david-martin/profil/spieler/15930,David Martin,Goalkeeper,250000,1986-01-22 00:00:00,England
https://www.transfermarkt.com/west-ham-united/startseite/verein/379/saison_id/2020,/issa-diop/profil/spieler/272622,Issa Diop,Centre-Back,18000000.00,1997-01-09 00:00:00,France
https://www.transfermarkt.com/west-ham-united/startseite/verein/379/saison_id/2020,/fabian-balbuena/profil/spieler/285548,Fabián Balbuena,Centre-Back,5000000.00,1991-08-23 00:00:00,Paraguay
https://www.transfermarkt.com/west-ham-united/startseite/verein/379/saison_id/2020,/craig-dawson/profil/spieler/121477,Craig Dawson,Centre-Back,5000000.00,1990-05-06 00:00:00,England
https://www.transfermarkt.com/west-ham-united/startseite/verein/379/saison_id/2020,/angelo-ogbonna/profil/spieler/48002,Angelo Ogbonna,Centre-Back,3000000.00,1988-05-23 00:00:00,Italy
https://www.transfermarkt.com/west-ham-united/startseite/verein/379/saison_id/2020,/frederik-alves/profil/spieler/542690,Frederik Alves,Centre-Back,1000000.00,1999-11-08 00:00:00,Denmark
https://www.transfermarkt.com/west-ham-united/startseite/verein/379/saison_id/2020,/arthur-masuaku/profil/spieler/181380,Arthur Masuaku,Left-Back,7500000.00,1993-11-07 00:00:00,DR Congo
https://www.transfermarkt.com/west-ham-united/startseite/verein/379/saison_id/2020,/aaron-cresswell/profil/spieler/92571,Aaron Cresswell,Left-Back,6000000.00,1989-12-15 00:00:00,England
https://www.transfermarkt.com/west-ham-united/startseite/verein/379/saison_id/2020,/vladimir-coufal/profil/spieler/157672,Vladimir Coufal,Right-Back,10000000.00,1992-08-22 00:00:00,Czech Republic
https://www.transfermarkt.com/west-ham-united/startseite/verein/379/saison_id/2020,/ryan-fredericks/profil/spieler/140191,Ryan Fredericks,Right-Back,3000000.00,1992-10-10 00:00:00,England
https://www.transfermarkt.com/west-ham-united/startseite/verein/379/saison_id/2020,/ben-johnson/profil/spieler/468002,Ben Johnson,Right-Back,3000000.00,2000-01-24 00:00:00,England
https://www.transfermarkt.com/west-ham-united/startseite/verein/379/saison_id/2020,/declan-rice/profil/spieler/357662,Declan Rice,Defensive Midfield,60000000.00,1999-01-14 00:00:00,England
https://www.transfermarkt.com/west-ham-united/startseite/verein/379/saison_id/2020,/tomas-soucek/profil/spieler/283628,Tomas Soucek,Defensive Midfield,40000000.00,1995-02-27 00:00:00,Czech Republic
https://www.transfermarkt.com/west-ham-united/startseite/verein/379/saison_id/2020,/mark-noble/profil/spieler/31835,Mark Noble,Central Midfield,3000000.00,1987-05-08 00:00:00,England
https://www.transfermarkt.com/west-ham-united/startseite/verein/379/saison_id/2020,/pablo-fornals/profil/spieler/357885,Pablo Fornals,Attacking Midfield,18000000.00,1996-02-22 00:00:00,Spain
https://www.transfermarkt.com/west-ham-united/startseite/verein/379/saison_id/2020,/jesse-lingard/profil/spieler/141660,Jesse Lingard,Attacking Midfield,15000000.00,1992-12-15 00:00:00,England
https://www.transfermarkt.com/west-ham-united/startseite/verein/379/saison_id/2020,/manuel-lanzini/profil/spieler/135853,Manuel Lanzini,Attacking Midfield,10000000.00,1993-02-15 00:00:00,Argentina
https://www.transfermarkt.com/west-ham-united/startseite/verein/379/saison_id/2020,/said-benrahma/profil/spieler/290532,Saïd Benrahma,Left Winger,22000000.00,1995-08-10 00:00:00,Algeria
https://www.transfermarkt.com/west-ham-united/startseite/verein/379/saison_id/2020,/jarrod-bowen/profil/spieler/314875,Jarrod Bowen,Right Winger,30000000.00,1996-12-20 00:00:00,England
https://www.transfermarkt.com/west-ham-united/startseite/verein/379/saison_id/2020,/andriy-yarmolenko/profil/spieler/69015,Andriy Yarmolenko,Right Winger,5000000.00,1989-10-23 00:00:00,Ukraine
https://www.transfermarkt.com/west-ham-united/startseite/verein/379/saison_id/2020,/michail-antonio/profil/spieler/104124,Michail Antonio,Centre-Forward,12000000.00,1990-03-28 00:00:00,Jamaica
https://www.transfermarkt.com/brighton-amp-hove-albion/startseite/verein/1237/saison_id/2020,/robert-sanchez/profil/spieler/403151,Robert Sánchez,Goalkeeper,5000000.00,1997-11-18 00:00:00,Spain
https://www.transfermarkt.com/brighton-amp-hove-albion/startseite/verein/1237/saison_id/2020,/jason-steele/profil/spieler/73564,Jason Steele,Goalkeeper,800000,1990-08-18 00:00:00,England
https://www.transfermarkt.com/brighton-amp-hove-albion/startseite/verein/1237/saison_id/2020,/christian-walton/profil/spieler/208379,Christian Walton,Goalkeeper,800000,1995-11-09 00:00:00,England
https://www.transfermarkt.com/brighton-amp-hove-albion/startseite/verein/1237/saison_id/2020,/ben-white/profil/spieler/335721,Ben White,Centre-Back,25000000.00,1997-10-08 00:00:00,England
https://www.transfermarkt.com/brighton-amp-hove-albion/startseite/verein/1237/saison_id/2020,/lewis-dunk/profil/spieler/148153,Lewis Dunk,Centre-Back,25000000.00,1991-11-21 00:00:00,England
https://www.transfermarkt.com/brighton-amp-hove-albion/startseite/verein/1237/saison_id/2020,/adam-webster/profil/spieler/212847,Adam Webster,Centre-Back,15000000.00,1995-01-04 00:00:00,England
https://www.transfermarkt.com/brighton-amp-hove-albion/startseite/verein/1237/saison_id/2020,/shane-duffy/profil/spieler/119269,Shane Duffy,Centre-Back,7000000.00,1992-01-01 00:00:00,Ireland
https://www.transfermarkt.com/brighton-amp-hove-albion/startseite/verein/1237/saison_id/2020,/dan-burn/profil/spieler/134270,Dan Burn,Centre-Back,5000000.00,1992-05-09 00:00:00,England
https://www.transfermarkt.com/brighton-amp-hove-albion/startseite/verein/1237/saison_id/2020,/michal-karbownik/profil/spieler/401604,Michal Karbownik,Left-Back,6000000.00,2001-03-13 00:00:00,Poland
https://www.transfermarkt.com/brighton-amp-hove-albion/startseite/verein/1237/saison_id/2020,/tariq-lamptey/profil/spieler/504148,Tariq Lamptey,Right-Back,18000000.00,2000-09-30 00:00:00,England
https://www.transfermarkt.com/brighton-amp-hove-albion/startseite/verein/1237/saison_id/2020,/joel-veltman/profil/spieler/111195,Joël Veltman,Right-Back,5000000.00,1992-01-15 00:00:00,Netherlands
https://www.transfermarkt.com/brighton-amp-hove-albion/startseite/verein/1237/saison_id/2020,/yves-bissouma/profil/spieler/410425,Yves Bissouma,Central Midfield,17000000.00,1996-08-30 00:00:00,Mali
https://www.transfermarkt.com/brighton-amp-hove-albion/startseite/verein/1237/saison_id/2020,/jakub-moder/profil/spieler/384461,Jakub Moder,Central Midfield,10000000.00,1999-04-07 00:00:00,Poland
https://www.transfermarkt.com/brighton-amp-hove-albion/startseite/verein/1237/saison_id/2020,/davy-propper/profil/spieler/79027,Davy Pröpper,Central Midfield,8000000.00,1991-09-02 00:00:00,Netherlands
https://www.transfermarkt.com/brighton-amp-hove-albion/startseite/verein/1237/saison_id/2020,/pascal-gross/profil/spieler/82873,Pascal Groß,Central Midfield,7000000.00,1991-06-15 00:00:00,Germany
https://www.transfermarkt.com/brighton-amp-hove-albion/startseite/verein/1237/saison_id/2020,/steven-alzate/profil/spieler/476237,Steven Alzate,Central Midfield,7000000.00,1998-09-08 00:00:00,Colombia
https://www.transfermarkt.com/brighton-amp-hove-albion/startseite/verein/1237/saison_id/2020,/moises-caicedo/profil/spieler/687626,Moisés Caicedo,Central Midfield,5000000.00,2001-11-02 00:00:00,Ecuador
https://www.transfermarkt.com/brighton-amp-hove-albion/startseite/verein/1237/saison_id/2020,/solly-march/profil/spieler/209212,Solly March,Left Midfield,9000000.00,1994-07-20 00:00:00,England
https://www.transfermarkt.com/brighton-amp-hove-albion/startseite/verein/1237/saison_id/2020,/alexis-mac-allister/profil/spieler/534033,Alexis Mac Allister,Attacking Midfield,10000000.00,1998-12-24 00:00:00,Argentina
https://www.transfermarkt.com/brighton-amp-hove-albion/startseite/verein/1237/saison_id/2020,/adam-lallana/profil/spieler/43530,Adam Lallana,Attacking Midfield,6000000.00,1988-05-10 00:00:00,England
https://www.transfermarkt.com/brighton-amp-hove-albion/startseite/verein/1237/saison_id/2020,/percy-tau/profil/spieler/312239,Percy Tau,Attacking Midfield,3500000.00,1994-05-13 00:00:00,South Africa
https://www.transfermarkt.com/brighton-amp-hove-albion/startseite/verein/1237/saison_id/2020,/leandro-trossard/profil/spieler/144028,Leandro Trossard,Left Winger,15000000.00,1994-12-04 00:00:00,Belgium
https://www.transfermarkt.com/brighton-amp-hove-albion/startseite/verein/1237/saison_id/2020,/jose-izquierdo/profil/spieler/147094,José Izquierdo,Left Winger,5000000.00,1992-07-07 00:00:00,Colombia
https://www.transfermarkt.com/brighton-amp-hove-albion/startseite/verein/1237/saison_id/2020,/alireza-jahanbakhsh/profil/spieler/213268,Alireza Jahanbakhsh,Right Winger,5000000.00,1993-08-11 00:00:00,Iran
https://www.transfermarkt.com/brighton-amp-hove-albion/startseite/verein/1237/saison_id/2020,/neal-maupay/profil/spieler/217115,Neal Maupay,Centre-Forward,20000000.00,1996-08-14 00:00:00,France
https://www.transfermarkt.com/brighton-amp-hove-albion/startseite/verein/1237/saison_id/2020,/aaron-connolly/profil/spieler/434207,Aaron Connolly,Centre-Forward,7000000.00,2000-01-28 00:00:00,Ireland
https://www.transfermarkt.com/brighton-amp-hove-albion/startseite/verein/1237/saison_id/2020,/danny-welbeck/profil/spieler/67063,Danny Welbeck,Centre-Forward,5000000.00,1990-11-26 00:00:00,England
https://www.transfermarkt.com/brighton-amp-hove-albion/startseite/verein/1237/saison_id/2020,/florin-andone/profil/spieler/177065,Florin Andone,Centre-Forward,2000000.00,1993-04-11 00:00:00,Romania
https://www.transfermarkt.com/brighton-amp-hove-albion/startseite/verein/1237/saison_id/2020,/andi-zeqiri/profil/spieler/345468,Andi Zeqiri,Centre-Forward,1500000.00,1999-06-22 00:00:00,Switzerland
https://www.transfermarkt.com/newcastle-united/startseite/verein/762/saison_id/2020,/martin-dubravka/profil/spieler/74960,Martin Dubravka,Goalkeeper,6000000.00,1989-01-15 00:00:00,Slovakia
https://www.transfermarkt.com/newcastle-united/startseite/verein/762/saison_id/2020,/karl-darlow/profil/spieler/99397,Karl Darlow,Goalkeeper,3000000.00,1990-10-08 00:00:00,England
https://www.transfermarkt.com/newcastle-united/startseite/verein/762/saison_id/2020,/mark-gillespie/profil/spieler/142389,Mark Gillespie,Goalkeeper,400000,1992-03-27 00:00:00,England
https://www.transfermarkt.com/newcastle-united/startseite/verein/762/saison_id/2020,/jamaal-lascelles/profil/spieler/183318,Jamaal Lascelles,Centre-Back,13000000.00,1993-11-11 00:00:00,England
https://www.transfermarkt.com/newcastle-united/startseite/verein/762/saison_id/2020,/fabian-schar/profil/spieler/135343,Fabian Schär,Centre-Back,12000000.00,1991-12-20 00:00:00,Switzerland
https://www.transfermarkt.com/newcastle-united/startseite/verein/762/saison_id/2020,/ciaran-clark/profil/spieler/98240,Ciaran Clark,Centre-Back,4000000.00,1989-09-26 00:00:00,Ireland
https://www.transfermarkt.com/newcastle-united/startseite/verein/762/saison_id/2020,/federico-fernandez/profil/spieler/85475,Federico Fernández,Centre-Back,3000000.00,1989-02-21 00:00:00,Argentina
https://www.transfermarkt.com/newcastle-united/startseite/verein/762/saison_id/2020,/jamal-lewis/profil/spieler/346018,Jamal Lewis,Left-Back,17000000.00,1998-01-25 00:00:00,Northern Ireland
https://www.transfermarkt.com/newcastle-united/startseite/verein/762/saison_id/2020,/paul-dummett/profil/spieler/170321,Paul Dummett,Left-Back,4000000.00,1991-09-26 00:00:00,Wales
https://www.transfermarkt.com/newcastle-united/startseite/verein/762/saison_id/2020,/matt-ritchie/profil/spieler/92469,Matt Ritchie,Left-Back,4000000.00,1989-09-10 00:00:00,Scotland
https://www.transfermarkt.com/newcastle-united/startseite/verein/762/saison_id/2020,/emil-krafth/profil/spieler/184528,Emil Krafth,Right-Back,4000000.00,1994-08-02 00:00:00,Sweden
https://www.transfermarkt.com/newcastle-united/startseite/verein/762/saison_id/2020,/javier-manquillo/profil/spieler/162029,Javier Manquillo,Right-Back,3000000.00,1994-05-05 00:00:00,Spain
https://www.transfermarkt.com/newcastle-united/startseite/verein/762/saison_id/2020,/isaac-hayden/profil/spieler/206225,Isaac Hayden,Defensive Midfield,10000000.00,1995-03-22 00:00:00,England
https://www.transfermarkt.com/newcastle-united/startseite/verein/762/saison_id/2020,/joe-willock/profil/spieler/340329,Joe Willock,Central Midfield,16000000.00,1999-08-20 00:00:00,England
https://www.transfermarkt.com/newcastle-united/startseite/verein/762/saison_id/2020,/sean-longstaff/profil/spieler/346707,Sean Longstaff,Central Midfield,15000000.00,1997-10-30 00:00:00,England
https://www.transfermarkt.com/newcastle-united/startseite/verein/762/saison_id/2020,/jonjo-shelvey/profil/spieler/71292,Jonjo Shelvey,Central Midfield,13000000.00,1992-02-27 00:00:00,England
https://www.transfermarkt.com/newcastle-united/startseite/verein/762/saison_id/2020,/jeff-hendrick/profil/spieler/148262,Jeff Hendrick,Central Midfield,9000000.00,1992-01-31 00:00:00,Ireland
https://www.transfermarkt.com/newcastle-united/startseite/verein/762/saison_id/2020,/matthew-longstaff/profil/spieler/484387,Matthew Longstaff,Central Midfield,5000000.00,2000-03-21 00:00:00,England
https://www.transfermarkt.com/newcastle-united/startseite/verein/762/saison_id/2020,/miguel-almiron/profil/spieler/272999,Miguel Almirón,Attacking Midfield,16000000.00,1994-02-10 00:00:00,Paraguay
https://www.transfermarkt.com/newcastle-united/startseite/verein/762/saison_id/2020,/henri-saivet/profil/spieler/51540,Henri Saivet,Attacking Midfield,800000,1990-10-26 00:00:00,Senegal
https://www.transfermarkt.com/newcastle-united/startseite/verein/762/saison_id/2020,/allan-saint-maximin/profil/spieler/272642,Allan Saint-Maximin,Left Winger,28000000.00,1997-03-12 00:00:00,France
https://www.transfermarkt.com/newcastle-united/startseite/verein/762/saison_id/2020,/ryan-fraser/profil/spieler/146795,Ryan Fraser,Left Winger,12000000.00,1994-02-24 00:00:00,Scotland
https://www.transfermarkt.com/newcastle-united/startseite/verein/762/saison_id/2020,/christian-atsu/profil/spieler/186997,Christian Atsu,Left Winger,2000000.00,1992-01-10 00:00:00,Ghana
https://www.transfermarkt.com/newcastle-united/startseite/verein/762/saison_id/2020,/jacob-murphy/profil/spieler/199527,Jacob Murphy,Right Winger,3500000.00,1995-02-24 00:00:00,England
https://www.transfermarkt.com/newcastle-united/startseite/verein/762/saison_id/2020,/callum-wilson/profil/spieler/123682,Callum Wilson,Centre-Forward,25000000.00,1992-02-27 00:00:00,England
https://www.transfermarkt.com/newcastle-united/startseite/verein/762/saison_id/2020,/joelinton/profil/spieler/333241,Joelinton,Centre-Forward,17000000.00,1996-08-14 00:00:00,Brazil
https://www.transfermarkt.com/newcastle-united/startseite/verein/762/saison_id/2020,/dwight-gayle/profil/spieler/196522,Dwight Gayle,Centre-Forward,5000000.00,1989-10-17 00:00:00,England
https://www.transfermarkt.com/newcastle-united/startseite/verein/762/saison_id/2020,/andy-carroll/profil/spieler/48066,Andy Carroll,Centre-Forward,2000000.00,1989-01-06 00:00:00,England
https://www.transfermarkt.com/fc-southampton/startseite/verein/180/saison_id/2020,/alex-mccarthy/profil/spieler/95976,Alex McCarthy,Goalkeeper,6000000.00,1989-12-03 00:00:00,England
https://www.transfermarkt.com/fc-southampton/startseite/verein/180/saison_id/2020,/fraser-forster/profil/spieler/52570,Fraser Forster,Goalkeeper,4000000.00,1988-03-17 00:00:00,England
https://www.transfermarkt.com/fc-southampton/startseite/verein/180/saison_id/2020,/harry-lewis/profil/spieler/341043,Harry Lewis,Goalkeeper,200000,1997-12-20 00:00:00,England
https://www.transfermarkt.com/fc-southampton/startseite/verein/180/saison_id/2020,/jan-bednarek/profil/spieler/243028,Jan Bednarek,Centre-Back,25000000.00,1996-04-12 00:00:00,Poland
https://www.transfermarkt.com/fc-southampton/startseite/verein/180/saison_id/2020,/jannik-vestergaard/profil/spieler/99331,Jannik Vestergaard,Centre-Back,18000000.00,1992-08-03 00:00:00,Denmark
https://www.transfermarkt.com/fc-southampton/startseite/verein/180/saison_id/2020,/mohammed-salisu/profil/spieler/563963,Mohammed Salisu,Centre-Back,10000000.00,1999-04-17 00:00:00,Ghana
https://www.transfermarkt.com/fc-southampton/startseite/verein/180/saison_id/2020,/jack-stephens/profil/spieler/163744,Jack Stephens,Centre-Back,4500000.00,1994-01-27 00:00:00,England
https://www.transfermarkt.com/fc-southampton/startseite/verein/180/saison_id/2020,/ryan-bertrand/profil/spieler/40611,Ryan Bertrand,Left-Back,10000000.00,1989-08-05 00:00:00,England
https://www.transfermarkt.com/fc-southampton/startseite/verein/180/saison_id/2020,/sam-mcqueen/profil/spieler/226968,Sam McQueen,Left-Back,800000,1995-02-06 00:00:00,England
https://www.transfermarkt.com/fc-southampton/startseite/verein/180/saison_id/2020,/kyle-walker-peters/profil/spieler/341051,Kyle Walker-Peters,Right-Back,18000000.00,1997-04-13 00:00:00,England
https://www.transfermarkt.com/fc-southampton/startseite/verein/180/saison_id/2020,/ibrahima-diallo/profil/spieler/413032,Ibrahima Diallo,Defensive Midfield,15000000.00,1999-03-08 00:00:00,France
https://www.transfermarkt.com/fc-southampton/startseite/verein/180/saison_id/2020,/oriol-romeu/profil/spieler/66100,Oriol Romeu,Defensive Midfield,7000000.00,1991-09-24 00:00:00,Spain
https://www.transfermarkt.com/fc-southampton/startseite/verein/180/saison_id/2020,/james-ward-prowse/profil/spieler/181579,James Ward-Prowse,Central Midfield,28000000.00,1994-11-01 00:00:00,England
https://www.transfermarkt.com/fc-southampton/startseite/verein/180/saison_id/2020,/stuart-armstrong/profil/spieler/130765,Stuart Armstrong,Central Midfield,6500000.00,1992-03-30 00:00:00,Scotland
https://www.transfermarkt.com/fc-southampton/startseite/verein/180/saison_id/2020,/will-smallbone/profil/spieler/444211,Will Smallbone,Central Midfield,2500000.00,2000-02-21 00:00:00,Ireland
https://www.transfermarkt.com/fc-southampton/startseite/verein/180/saison_id/2020,/nathan-redmond/profil/spieler/129078,Nathan Redmond,Left Winger,18000000.00,1994-03-06 00:00:00,England
https://www.transfermarkt.com/fc-southampton/startseite/verein/180/saison_id/2020,/moussa-djenepo/profil/spieler/485424,Moussa Djenepo,Left Winger,13000000.00,1998-06-15 00:00:00,Mali
https://www.transfermarkt.com/fc-southampton/startseite/verein/180/saison_id/2020,/takumi-minamino/profil/spieler/165793,Takumi Minamino,Left Winger,12000000.00,1995-01-16 00:00:00,Japan
https://www.transfermarkt.com/fc-southampton/startseite/verein/180/saison_id/2020,/theo-walcott/profil/spieler/33713,Theo Walcott,Right Winger,6000000.00,1989-03-16 00:00:00,England
https://www.transfermarkt.com/fc-southampton/startseite/verein/180/saison_id/2020,/nathan-tella/profil/spieler/340322,Nathan Tella,Right Winger,1500000.00,1999-07-05 00:00:00,England
https://www.transfermarkt.com/fc-southampton/startseite/verein/180/saison_id/2020,/danny-ings/profil/spieler/134294,Danny Ings,Centre-Forward,22000000.00,1992-07-23 00:00:00,England
https://www.transfermarkt.com/fc-southampton/startseite/verein/180/saison_id/2020,/che-adams/profil/spieler/346779,Che Adams,Centre-Forward,18000000.00,1996-07-13 00:00:00,Scotland
https://www.transfermarkt.com/fc-southampton/startseite/verein/180/saison_id/2020,/michael-obafemi/profil/spieler/444208,Michael Obafemi,Centre-Forward,3500000.00,2000-07-06 00:00:00,Ireland
https://www.transfermarkt.com/fc-southampton/startseite/verein/180/saison_id/2020,/dan-nlundulu/profil/spieler/346482,Dan N'Lundulu,Centre-Forward,1000000.00,1999-02-05 00:00:00,England
https://www.transfermarkt.com/fc-fulham/startseite/verein/931/saison_id/2020,/alphonse-areola/profil/spieler/120629,Alphonse Areola,Goalkeeper,15000000.00,1993-02-27 00:00:00,France
https://www.transfermarkt.com/fc-fulham/startseite/verein/931/saison_id/2020,/marek-rodak/profil/spieler/186901,Marek Rodak,Goalkeeper,6000000.00,1996-12-13 00:00:00,Slovakia
https://www.transfermarkt.com/fc-fulham/startseite/verein/931/saison_id/2020,/fabri/profil/spieler/45882,Fabri,Goalkeeper,800000,1987-12-31 00:00:00,Spain
https://www.transfermarkt.com/fc-fulham/startseite/verein/931/saison_id/2020,/joachim-andersen/profil/spieler/260827,Joachim Andersen,Centre-Back,15000000.00,1996-05-31 00:00:00,Denmark
https://www.transfermarkt.com/fc-fulham/startseite/verein/931/saison_id/2020,/tosin-adarabioyo/profil/spieler/258878,Tosin Adarabioyo,Centre-Back,10000000.00,1997-09-24 00:00:00,England
https://www.transfermarkt.com/fc-fulham/startseite/verein/931/saison_id/2020,/alfie-mawson/profil/spieler/287431,Alfie Mawson,Centre-Back,6000000.00,1994-01-19 00:00:00,England
https://www.transfermarkt.com/fc-fulham/startseite/verein/931/saison_id/2020,/michael-hector/profil/spieler/157490,Michael Hector,Centre-Back,4000000.00,1992-07-19 00:00:00,Jamaica
https://www.transfermarkt.com/fc-fulham/startseite/verein/931/saison_id/2020,/terence-kongolo/profil/spieler/152651,Terence Kongolo,Centre-Back,4000000.00,1994-02-14 00:00:00,Netherlands
https://www.transfermarkt.com/fc-fulham/startseite/verein/931/saison_id/2020,/tim-ream/profil/spieler/145466,Tim Ream,Centre-Back,800000,1987-10-05 00:00:00,United States
https://www.transfermarkt.com/fc-fulham/startseite/verein/931/saison_id/2020,/antonee-robinson/profil/spieler/349701,Antonee Robinson,Left-Back,7000000.00,1997-08-08 00:00:00,United States
https://www.transfermarkt.com/fc-fulham/startseite/verein/931/saison_id/2020,/joe-bryan/profil/spieler/194460,Joe Bryan,Left-Back,5000000.00,1993-09-17 00:00:00,England
https://www.transfermarkt.com/fc-fulham/startseite/verein/931/saison_id/2020,/ola-aina/profil/spieler/236490,Ola Aina,Right-Back,7000000.00,1996-10-08 00:00:00,Nigeria
https://www.transfermarkt.com/fc-fulham/startseite/verein/931/saison_id/2020,/kenny-tete/profil/spieler/206746,Kenny Tete,Right-Back,5000000.00,1995-10-09 00:00:00,Netherlands
https://www.transfermarkt.com/fc-fulham/startseite/verein/931/saison_id/2020,/denis-odoi/profil/spieler/59641,Denis Odoi,Right-Back,1000000.00,1988-05-27 00:00:00,Belgium
https://www.transfermarkt.com/fc-fulham/startseite/verein/931/saison_id/2020,/andre-zambo-anguissa/profil/spieler/354361,André Zambo Anguissa,Defensive Midfield,25000000.00,1995-11-16 00:00:00,Cameroon
https://www.transfermarkt.com/fc-fulham/startseite/verein/931/saison_id/2020,/mario-lemina/profil/spieler/170934,Mario Lemina,Defensive Midfield,10000000.00,1993-09-01 00:00:00,Gabon
https://www.transfermarkt.com/fc-fulham/startseite/verein/931/saison_id/2020,/kevin-mcdonald/profil/spieler/36529,Kevin McDonald,Defensive Midfield,1500000.00,1988-11-04 00:00:00,Scotland
https://www.transfermarkt.com/fc-fulham/startseite/verein/931/saison_id/2020,/ruben-loftus-cheek/profil/spieler/202886,Ruben Loftus-Cheek,Central Midfield,20000000.00,1996-01-23 00:00:00,England
https://www.transfermarkt.com/fc-fulham/startseite/verein/931/saison_id/2020,/harrison-reed/profil/spieler/226973,Harrison Reed,Central Midfield,10000000.00,1995-01-27 00:00:00,England
https://www.transfermarkt.com/fc-fulham/startseite/verein/931/saison_id/2020,/tom-cairney/profil/spieler/123275,Tom Cairney,Central Midfield,9000000.00,1991-01-20 00:00:00,Scotland
https://www.transfermarkt.com/fc-fulham/startseite/verein/931/saison_id/2020,/bobby-reid/profil/spieler/186186,Bobby Reid,Attacking Midfield,10000000.00,1993-02-02 00:00:00,Jamaica
https://www.transfermarkt.com/fc-fulham/startseite/verein/931/saison_id/2020,/josh-onomah/profil/spieler/243589,Josh Onomah,Attacking Midfield,6000000.00,1997-04-27 00:00:00,England
https://www.transfermarkt.com/fc-fulham/startseite/verein/931/saison_id/2020,/ademola-lookman/profil/spieler/406040,Ademola Lookman,Left Winger,13000000.00,1997-10-20 00:00:00,England
https://www.transfermarkt.com/fc-fulham/startseite/verein/931/saison_id/2020,/ivan-cavaleiro/profil/spieler/149716,Ivan Cavaleiro,Right Winger,8000000.00,1993-10-18 00:00:00,Portugal
https://www.transfermarkt.com/fc-fulham/startseite/verein/931/saison_id/2020,/aleksandar-mitrovic/profil/spieler/51152,Aleksandar Mitrovic,Centre-Forward,18000000.00,1994-09-16 00:00:00,Serbia
https://www.transfermarkt.com/fc-fulham/startseite/verein/931/saison_id/2020,/josh-maja/profil/spieler/453824,Josh Maja,Centre-Forward,6000000.00,1998-12-27 00:00:00,Nigeria
https://www.transfermarkt.com/leeds-united/startseite/verein/399/saison_id/2020,/illan-meslier/profil/spieler/542586,Illan Meslier,Goalkeeper,17000000.00,2000-03-02 00:00:00,France
https://www.transfermarkt.com/leeds-united/startseite/verein/399/saison_id/2020,/kiko-casilla/profil/spieler/27486,Kiko Casilla,Goalkeeper,1000000.00,1986-10-02 00:00:00,Spain
https://www.transfermarkt.com/leeds-united/startseite/verein/399/saison_id/2020,/elia-caprile/profil/spieler/421873,Elia Caprile,Goalkeeper,100000,2001-08-25 00:00:00,Italy
https://www.transfermarkt.com/leeds-united/startseite/verein/399/saison_id/2020,/diego-llorente/profil/spieler/246291,Diego Llorente,Centre-Back,20000000.00,1993-08-16 00:00:00,Spain
https://www.transfermarkt.com/leeds-united/startseite/verein/399/saison_id/2020,/robin-koch/profil/spieler/328784,Robin Koch,Centre-Back,17000000.00,1996-07-17 00:00:00,Germany
https://www.transfermarkt.com/leeds-united/startseite/verein/399/saison_id/2020,/liam-cooper/profil/spieler/75067,Liam Cooper,Centre-Back,7000000.00,1991-08-30 00:00:00,Scotland
https://www.transfermarkt.com/leeds-united/startseite/verein/399/saison_id/2020,/pascal-struijk/profil/spieler/410708,Pascal Struijk,Centre-Back,7000000.00,1999-08-11 00:00:00,Netherlands
https://www.transfermarkt.com/leeds-united/startseite/verein/399/saison_id/2020,/ezgjan-alioski/profil/spieler/129604,Ezgjan Alioski,Left-Back,4000000.00,1992-02-12 00:00:00,North Macedonia
https://www.transfermarkt.com/leeds-united/startseite/verein/399/saison_id/2020,/stuart-dallas/profil/spieler/158764,Stuart Dallas,Left-Back,3000000.00,1991-04-19 00:00:00,Northern Ireland
https://www.transfermarkt.com/leeds-united/startseite/verein/399/saison_id/2020,/leif-davis/profil/spieler/596446,Leif Davis,Left-Back,500000,1999-12-31 00:00:00,England
https://www.transfermarkt.com/leeds-united/startseite/verein/399/saison_id/2020,/luke-ayling/profil/spieler/67420,Luke Ayling,Right-Back,5000000.00,1991-08-25 00:00:00,England
https://www.transfermarkt.com/leeds-united/startseite/verein/399/saison_id/2020,/gaetano-berardi/profil/spieler/43084,Gaetano Berardi,Right-Back,300000,1988-08-21 00:00:00,Switzerland
https://www.transfermarkt.com/leeds-united/startseite/verein/399/saison_id/2020,/kalvin-phillips/profil/spieler/351749,Kalvin Phillips,Defensive Midfield,27000000.00,1995-12-02 00:00:00,England
https://www.transfermarkt.com/leeds-united/startseite/verein/399/saison_id/2020,/ouasim-bouy/profil/spieler/126412,Ouasim Bouy,Defensive Midfield,300000,1993-06-11 00:00:00,Morocco
https://www.transfermarkt.com/leeds-united/startseite/verein/399/saison_id/2020,/mateusz-klich/profil/spieler/92738,Mateusz Klich,Central Midfield,3500000.00,1990-06-13 00:00:00,Poland
https://www.transfermarkt.com/leeds-united/startseite/verein/399/saison_id/2020,/adam-forshaw/profil/spieler/121257,Adam Forshaw,Central Midfield,2500000.00,1991-10-08 00:00:00,England
https://www.transfermarkt.com/leeds-united/startseite/verein/399/saison_id/2020,/jamie-shackleton/profil/spieler/534700,Jamie Shackleton,Central Midfield,2500000.00,1999-10-08 00:00:00,England
https://www.transfermarkt.com/leeds-united/startseite/verein/399/saison_id/2020,/pablo-hernandez/profil/spieler/46220,Pablo Hernández,Attacking Midfield,900000,1985-04-11 00:00:00,Spain
https://www.transfermarkt.com/leeds-united/startseite/verein/399/saison_id/2020,/jack-harrison/profil/spieler/417346,Jack Harrison,Left Winger,15000000.00,1996-11-20 00:00:00,England
https://www.transfermarkt.com/leeds-united/startseite/verein/399/saison_id/2020,/raphinha/profil/spieler/411295,Raphinha,Right Winger,25000000.00,1996-12-14 00:00:00,Brazil
https://www.transfermarkt.com/leeds-united/startseite/verein/399/saison_id/2020,/helder-costa/profil/spieler/173900,Hélder Costa,Right Winger,10000000.00,1994-01-12 00:00:00,Angola
https://www.transfermarkt.com/leeds-united/startseite/verein/399/saison_id/2020,/ian-poveda/profil/spieler/392763,Ian Poveda,Right Winger,1500000.00,2000-02-09 00:00:00,England
https://www.transfermarkt.com/leeds-united/startseite/verein/399/saison_id/2020,/tyler-roberts/profil/spieler/296986,Tyler Roberts,Second Striker,5000000.00,1999-01-12 00:00:00,Wales
https://www.transfermarkt.com/leeds-united/startseite/verein/399/saison_id/2020,/rodrigo/profil/spieler/131505,Rodrigo,Centre-Forward,20000000.00,1991-03-06 00:00:00,Spain
https://www.transfermarkt.com/leeds-united/startseite/verein/399/saison_id/2020,/patrick-bamford/profil/spieler/183334,Patrick Bamford,Centre-Forward,18000000.00,1993-09-05 00:00:00,England
https://www.transfermarkt.com/leeds-united/startseite/verein/399/saison_id/2020,/joe-gelhardt/profil/spieler/503980,Joe Gelhardt,Centre-Forward,1300000.00,2002-05-04 00:00:00,England
https://www.transfermarkt.com/crystal-palace/startseite/verein/873/saison_id/2020,/jack-butland/profil/spieler/128899,Jack Butland,Goalkeeper,3000000.00,1993-03-10 00:00:00,England
https://www.transfermarkt.com/crystal-palace/startseite/verein/873/saison_id/2020,/vicente-guaita/profil/spieler/64399,Vicente Guaita,Goalkeeper,3000000.00,1987-01-10 00:00:00,Spain
https://www.transfermarkt.com/crystal-palace/startseite/verein/873/saison_id/2020,/wayne-hennessey/profil/spieler/45494,Wayne Hennessey,Goalkeeper,2000000.00,1987-01-24 00:00:00,Wales
https://www.transfermarkt.com/crystal-palace/startseite/verein/873/saison_id/2020,/stephen-henderson/profil/spieler/52191,Stephen Henderson,Goalkeeper,400000,1988-05-02 00:00:00,Ireland
https://www.transfermarkt.com/crystal-palace/startseite/verein/873/saison_id/2020,/cheikhou-kouyate/profil/spieler/66934,Cheikhou Kouyaté,Centre-Back,8000000.00,1989-12-21 00:00:00,Senegal
https://www.transfermarkt.com/crystal-palace/startseite/verein/873/saison_id/2020,/mamadou-sakho/profil/spieler/47713,Mamadou Sakho,Centre-Back,7000000.00,1990-02-13 00:00:00,France
https://www.transfermarkt.com/crystal-palace/startseite/verein/873/saison_id/2020,/nathan-ferguson/profil/spieler/507254,Nathan Ferguson,Centre-Back,4000000.00,2000-10-06 00:00:00,England
https://www.transfermarkt.com/crystal-palace/startseite/verein/873/saison_id/2020,/james-tomkins/profil/spieler/61592,James Tomkins,Centre-Back,3000000.00,1989-03-29 00:00:00,England
https://www.transfermarkt.com/crystal-palace/startseite/verein/873/saison_id/2020,/gary-cahill/profil/spieler/27511,Gary Cahill,Centre-Back,2000000.00,1985-12-19 00:00:00,England
https://www.transfermarkt.com/crystal-palace/startseite/verein/873/saison_id/2020,/scott-dann/profil/spieler/62688,Scott Dann,Centre-Back,1800000.00,1987-02-14 00:00:00,England
https://www.transfermarkt.com/crystal-palace/startseite/verein/873/saison_id/2020,/sam-woods/profil/spieler/611650,Sam Woods,Centre-Back,75000,1998-09-11 00:00:00,England
https://www.transfermarkt.com/crystal-palace/startseite/verein/873/saison_id/2020,/patrick-van-aanholt/profil/spieler/52119,Patrick van Aanholt,Left-Back,8000000.00,1990-08-29 00:00:00,Netherlands
https://www.transfermarkt.com/crystal-palace/startseite/verein/873/saison_id/2020,/tyrick-mitchell/profil/spieler/730893,Tyrick Mitchell,Left-Back,5000000.00,1999-09-01 00:00:00,England
https://www.transfermarkt.com/crystal-palace/startseite/verein/873/saison_id/2020,/nathaniel-clyne/profil/spieler/85177,Nathaniel Clyne,Right-Back,4000000.00,1991-04-05 00:00:00,England
https://www.transfermarkt.com/crystal-palace/startseite/verein/873/saison_id/2020,/joel-ward/profil/spieler/92572,Joel Ward,Right-Back,2800000.00,1989-10-29 00:00:00,England
https://www.transfermarkt.com/crystal-palace/startseite/verein/873/saison_id/2020,/martin-kelly/profil/spieler/78959,Martin Kelly,Right-Back,1800000.00,1990-04-27 00:00:00,England
https://www.transfermarkt.com/crystal-palace/startseite/verein/873/saison_id/2020,/luka-milivojevic/profil/spieler/74300,Luka Milivojevic,Defensive Midfield,10000000.00,1991-04-07 00:00:00,Serbia
https://www.transfermarkt.com/crystal-palace/startseite/verein/873/saison_id/2020,/jairo-riedewald/profil/spieler/241481,Jairo Riedewald,Defensive Midfield,6000000.00,1996-09-09 00:00:00,Netherlands
https://www.transfermarkt.com/crystal-palace/startseite/verein/873/saison_id/2020,/james-mccarthy/profil/spieler/45333,James McCarthy,Central Midfield,3500000.00,1990-11-12 00:00:00,Ireland
https://www.transfermarkt.com/crystal-palace/startseite/verein/873/saison_id/2020,/james-mcarthur/profil/spieler/41416,James McArthur,Central Midfield,3000000.00,1987-10-07 00:00:00,Scotland
https://www.transfermarkt.com/crystal-palace/startseite/verein/873/saison_id/2020,/jeffrey-schlupp/profil/spieler/157506,Jeffrey Schlupp,Left Midfield,9000000.00,1992-12-23 00:00:00,Ghana
https://www.transfermarkt.com/crystal-palace/startseite/verein/873/saison_id/2020,/eberechi-eze/profil/spieler/479999,Eberechi Eze,Attacking Midfield,20000000.00,1998-06-29 00:00:00,England
https://www.transfermarkt.com/crystal-palace/startseite/verein/873/saison_id/2020,/wilfried-zaha/profil/spieler/145988,Wilfried Zaha,Left Winger,45000000.00,1992-11-10 00:00:00,Cote d'Ivoire
https://www.transfermarkt.com/crystal-palace/startseite/verein/873/saison_id/2020,/andros-townsend/profil/spieler/61842,Andros Townsend,Right Winger,8000000.00,1991-07-16 00:00:00,England
https://www.transfermarkt.com/crystal-palace/startseite/verein/873/saison_id/2020,/jean-philippe-mateta/profil/spieler/420002,Jean-Philippe Mateta,Centre-Forward,15000000.00,1997-06-28 00:00:00,France
https://www.transfermarkt.com/crystal-palace/startseite/verein/873/saison_id/2020,/michy-batshuayi/profil/spieler/179184,Michy Batshuayi,Centre-Forward,10000000.00,1993-10-02 00:00:00,Belgium
https://www.transfermarkt.com/crystal-palace/startseite/verein/873/saison_id/2020,/christian-benteke/profil/spieler/50201,Christian Benteke,Centre-Forward,9000000.00,1990-12-03 00:00:00,Belgium
https://www.transfermarkt.com/crystal-palace/startseite/verein/873/saison_id/2020,/jordan-ayew/profil/spieler/108354,Jordan Ayew,Centre-Forward,8000000.00,1991-09-11 00:00:00,Ghana
https://www.transfermarkt.com/crystal-palace/startseite/verein/873/saison_id/2020,/connor-wickham/profil/spieler/95435,Connor Wickham,Centre-Forward,1000000.00,1993-03-31 00:00:00,England
https://www.transfermarkt.com/sheffield-united/startseite/verein/350/saison_id/2020,/aaron-ramsdale/profil/spieler/427568,Aaron Ramsdale,Goalkeeper,12000000.00,1998-05-14 00:00:00,England
https://www.transfermarkt.com/sheffield-united/startseite/verein/350/saison_id/2020,/wes-foderingham/profil/spieler/61697,Wes Foderingham,Goalkeeper,400000,1991-01-14 00:00:00,England
https://www.transfermarkt.com/sheffield-united/startseite/verein/350/saison_id/2020,/simon-moore/profil/spieler/123536,Simon Moore,Goalkeeper,400000,1990-05-19 00:00:00,England
https://www.transfermarkt.com/sheffield-united/startseite/verein/350/saison_id/2020,/ethan-ampadu/profil/spieler/392771,Ethan Ampadu,Centre-Back,12000000.00,2000-09-14 00:00:00,Wales
https://www.transfermarkt.com/sheffield-united/startseite/verein/350/saison_id/2020,/john-egan/profil/spieler/121324,John Egan,Centre-Back,10000000.00,1992-10-20 00:00:00,Ireland
https://www.transfermarkt.com/sheffield-united/startseite/verein/350/saison_id/2020,/jack-oconnell/profil/spieler/212829,Jack O'Connell,Centre-Back,7000000.00,1994-03-29 00:00:00,England
https://www.transfermarkt.com/sheffield-united/startseite/verein/350/saison_id/2020,/chris-basham/profil/spieler/52495,Chris Basham,Centre-Back,3000000.00,1988-07-20 00:00:00,England
https://www.transfermarkt.com/sheffield-united/startseite/verein/350/saison_id/2020,/kean-bryan/profil/spieler/214928,Kean Bryan,Centre-Back,2000000.00,1996-11-01 00:00:00,England
https://www.transfermarkt.com/sheffield-united/startseite/verein/350/saison_id/2020,/phil-jagielka/profil/spieler/13520,Phil Jagielka,Centre-Back,300000,1982-08-17 00:00:00,England
https://www.transfermarkt.com/sheffield-united/startseite/verein/350/saison_id/2020,/enda-stevens/profil/spieler/85706,Enda Stevens,Left-Back,4000000.00,1990-07-09 00:00:00,Ireland
https://www.transfermarkt.com/sheffield-united/startseite/verein/350/saison_id/2020,/max-lowe/profil/spieler/258885,Max Lowe,Left-Back,3500000.00,1997-05-11 00:00:00,England
https://www.transfermarkt.com/sheffield-united/startseite/verein/350/saison_id/2020,/jack-robinson/profil/spieler/128909,Jack Robinson,Left-Back,2000000.00,1993-09-01 00:00:00,England
https://www.transfermarkt.com/sheffield-united/startseite/verein/350/saison_id/2020,/jayden-bogle/profil/spieler/465717,Jayden Bogle,Right-Back,7000000.00,2000-07-27 00:00:00,England
https://www.transfermarkt.com/sheffield-united/startseite/verein/350/saison_id/2020,/george-baldock/profil/spieler/146690,George Baldock,Right-Back,6500000.00,1993-03-09 00:00:00,England
https://www.transfermarkt.com/sheffield-united/startseite/verein/350/saison_id/2020,/sander-berge/profil/spieler/333014,Sander Berge,Defensive Midfield,18000000.00,1998-02-14 00:00:00,Norway
https://www.transfermarkt.com/sheffield-united/startseite/verein/350/saison_id/2020,/jack-rodwell/profil/spieler/57079,Jack Rodwell,Defensive Midfield,900000,1991-03-11 00:00:00,England
https://www.transfermarkt.com/sheffield-united/startseite/verein/350/saison_id/2020,/john-lundstram/profil/spieler/156941,John Lundstram,Central Midfield,7000000.00,1994-02-18 00:00:00,England
https://www.transfermarkt.com/sheffield-united/startseite/verein/350/saison_id/2020,/oliver-norwood/profil/spieler/73547,Oliver Norwood,Central Midfield,7000000.00,1991-04-12 00:00:00,Northern Ireland
https://www.transfermarkt.com/sheffield-united/startseite/verein/350/saison_id/2020,/john-fleck/profil/spieler/54383,John Fleck,Central Midfield,6000000.00,1991-08-24 00:00:00,Scotland
https://www.transfermarkt.com/sheffield-united/startseite/verein/350/saison_id/2020,/ben-osborn/profil/spieler/218087,Ben Osborn,Left Midfield,2000000.00,1994-08-05 00:00:00,England
https://www.transfermarkt.com/sheffield-united/startseite/verein/350/saison_id/2020,/oliver-mcburnie/profil/spieler/298477,Oliver McBurnie,Centre-Forward,12000000.00,1996-06-04 00:00:00,Scotland
https://www.transfermarkt.com/sheffield-united/startseite/verein/350/saison_id/2020,/rhian-brewster/profil/spieler/406560,Rhian Brewster,Centre-Forward,12000000.00,2000-04-01 00:00:00,England
https://www.transfermarkt.com/sheffield-united/startseite/verein/350/saison_id/2020,/lys-mousset/profil/spieler/291422,Lys Mousset,Centre-Forward,10000000.00,1996-02-08 00:00:00,France
https://www.transfermarkt.com/sheffield-united/startseite/verein/350/saison_id/2020,/oliver-burke/profil/spieler/341317,Oliver Burke,Centre-Forward,5000000.00,1997-04-07 00:00:00,Scotland
https://www.transfermarkt.com/sheffield-united/startseite/verein/350/saison_id/2020,/david-mcgoldrick/profil/spieler/35416,David McGoldrick,Centre-Forward,2000000.00,1987-11-29 00:00:00,Ireland
https://www.transfermarkt.com/sheffield-united/startseite/verein/350/saison_id/2020,/billy-sharp/profil/spieler/49542,Billy Sharp,Centre-Forward,800000,1986-02-05 00:00:00,England
https://www.transfermarkt.com/fc-burnley/startseite/verein/1132/saison_id/2020,/nick-pope/profil/spieler/192080,Nick Pope,Goalkeeper,15000000.00,1992-04-19 00:00:00,England
https://www.transfermarkt.com/fc-burnley/startseite/verein/1132/saison_id/2020,/bailey-peacock-farrell/profil/spieler/410436,Bailey Peacock-Farrell,Goalkeeper,1000000.00,1996-10-29 00:00:00,Northern Ireland
https://www.transfermarkt.com/fc-burnley/startseite/verein/1132/saison_id/2020,/will-norris/profil/spieler/285033,Will Norris,Goalkeeper,250000,1993-08-12 00:00:00,England
https://www.transfermarkt.com/fc-burnley/startseite/verein/1132/saison_id/2020,/james-tarkowski/profil/spieler/173504,James Tarkowski,Centre-Back,25000000.00,1992-11-19 00:00:00,England
https://www.transfermarkt.com/fc-burnley/startseite/verein/1132/saison_id/2020,/ben-mee/profil/spieler/74810,Ben Mee,Centre-Back,7000000.00,1989-09-21 00:00:00,England
https://www.transfermarkt.com/fc-burnley/startseite/verein/1132/saison_id/2020,/kevin-long/profil/spieler/111114,Kevin Long,Centre-Back,1200000.00,1990-08-18 00:00:00,Ireland
https://www.transfermarkt.com/fc-burnley/startseite/verein/1132/saison_id/2020,/jimmy-dunne/profil/spieler/396174,Jimmy Dunne,Centre-Back,400000,1997-10-19 00:00:00,Ireland
https://www.transfermarkt.com/fc-burnley/startseite/verein/1132/saison_id/2020,/richard-nartey/profil/spieler/396861,Richard Nartey,Centre-Back,200000,1998-09-06 00:00:00,England
https://www.transfermarkt.com/fc-burnley/startseite/verein/1132/saison_id/2020,/charlie-taylor/profil/spieler/195633,Charlie Taylor,Left-Back,4000000.00,1993-09-18 00:00:00,England
https://www.transfermarkt.com/fc-burnley/startseite/verein/1132/saison_id/2020,/erik-pieters/profil/spieler/43763,Erik Pieters,Left-Back,1800000.00,1988-08-07 00:00:00,Netherlands
https://www.transfermarkt.com/fc-burnley/startseite/verein/1132/saison_id/2020,/matthew-lowton/profil/spieler/102258,Matthew Lowton,Right-Back,3000000.00,1989-06-09 00:00:00,England
https://www.transfermarkt.com/fc-burnley/startseite/verein/1132/saison_id/2020,/phil-bardsley/profil/spieler/15773,Phil Bardsley,Right-Back,400000,1985-06-28 00:00:00,Scotland
https://www.transfermarkt.com/fc-burnley/startseite/verein/1132/saison_id/2020,/jack-cork/profil/spieler/40613,Jack Cork,Defensive Midfield,6000000.00,1989-06-25 00:00:00,England
https://www.transfermarkt.com/fc-burnley/startseite/verein/1132/saison_id/2020,/ashley-westwood/profil/spieler/91317,Ashley Westwood,Defensive Midfield,5000000.00,1990-04-01 00:00:00,England
https://www.transfermarkt.com/fc-burnley/startseite/verein/1132/saison_id/2020,/josh-brownhill/profil/spieler/293569,Josh Brownhill,Central Midfield,7000000.00,1995-12-19 00:00:00,England
https://www.transfermarkt.com/fc-burnley/startseite/verein/1132/saison_id/2020,/dale-stephens/profil/spieler/49755,Dale Stephens,Central Midfield,3000000.00,1989-06-12 00:00:00,England
https://www.transfermarkt.com/fc-burnley/startseite/verein/1132/saison_id/2020,/robbie-brady/profil/spieler/128229,Robbie Brady,Left Midfield,3000000.00,1992-01-14 00:00:00,Ireland
https://www.transfermarkt.com/fc-burnley/startseite/verein/1132/saison_id/2020,/dwight-mcneil/profil/spieler/584769,Dwight McNeil,Left Winger,22000000.00,1999-11-22 00:00:00,England
https://www.transfermarkt.com/fc-burnley/startseite/verein/1132/saison_id/2020,/johann-berg-gudmundsson/profil/spieler/89231,Jóhann Berg Gudmundsson,Right Winger,4000000.00,1990-10-27 00:00:00,Iceland
https://www.transfermarkt.com/fc-burnley/startseite/verein/1132/saison_id/2020,/chris-wood/profil/spieler/108725,Chris Wood,Centre-Forward,8000000.00,1991-12-07 00:00:00,New Zealand
https://www.transfermarkt.com/fc-burnley/startseite/verein/1132/saison_id/2020,/ashley-barnes/profil/spieler/63200,Ashley Barnes,Centre-Forward,5000000.00,1989-10-30 00:00:00,England
https://www.transfermarkt.com/fc-burnley/startseite/verein/1132/saison_id/2020,/jay-rodriguez/profil/spieler/53360,Jay Rodríguez,Centre-Forward,5000000.00,1989-07-29 00:00:00,England
https://www.transfermarkt.com/fc-burnley/startseite/verein/1132/saison_id/2020,/matej-vydra/profil/spieler/101500,Matej Vydra,Centre-Forward,3000000.00,1992-05-01 00:00:00,Czech Republic
https://www.transfermarkt.com/west-bromwich-albion/startseite/verein/984/saison_id/2020,/sam-johnstone/profil/spieler/110864,Sam Johnstone,Goalkeeper,6000000.00,1993-03-25 00:00:00,England
https://www.transfermarkt.com/west-bromwich-albion/startseite/verein/984/saison_id/2020,/david-button/profil/spieler/61814,David Button,Goalkeeper,1000000.00,1989-02-27 00:00:00,England
https://www.transfermarkt.com/west-bromwich-albion/startseite/verein/984/saison_id/2020,/andy-lonergan/profil/spieler/14044,Andy Lonergan,Goalkeeper,250000,1983-10-19 00:00:00,England
https://www.transfermarkt.com/west-bromwich-albion/startseite/verein/984/saison_id/2020,/semi-ajayi/profil/spieler/251912,Semi Ajayi,Centre-Back,5000000.00,1993-11-09 00:00:00,Nigeria
https://www.transfermarkt.com/west-bromwich-albion/startseite/verein/984/saison_id/2020,/dara-oshea/profil/spieler/401320,Dara O'Shea,Centre-Back,3000000.00,1999-03-04 00:00:00,Ireland
https://www.transfermarkt.com/west-bromwich-albion/startseite/verein/984/saison_id/2020,/kyle-bartley/profil/spieler/67421,Kyle Bartley,Centre-Back,2800000.00,1991-05-22 00:00:00,England
https://www.transfermarkt.com/west-bromwich-albion/startseite/verein/984/saison_id/2020,/branislav-ivanovic/profil/spieler/36827,Branislav Ivanovic,Centre-Back,800000,1984-02-22 00:00:00,Serbia
https://www.transfermarkt.com/west-bromwich-albion/startseite/verein/984/saison_id/2020,/kieran-gibbs/profil/spieler/44792,Kieran Gibbs,Left-Back,2500000.00,1989-09-26 00:00:00,England
https://www.transfermarkt.com/west-bromwich-albion/startseite/verein/984/saison_id/2020,/conor-townsend/profil/spieler/146509,Conor Townsend,Left-Back,1500000.00,1993-03-04 00:00:00,England
https://www.transfermarkt.com/west-bromwich-albion/startseite/verein/984/saison_id/2020,/darnell-furlong/profil/spieler/351755,Darnell Furlong,Right-Back,4500000.00,1995-10-31 00:00:00,England
https://www.transfermarkt.com/west-bromwich-albion/startseite/verein/984/saison_id/2020,/lee-peltier/profil/spieler/38094,Lee Peltier,Right-Back,600000,1986-12-11 00:00:00,England
https://www.transfermarkt.com/west-bromwich-albion/startseite/verein/984/saison_id/2020,/okay-yokuslu/profil/spieler/137616,Okay Yokuslu,Defensive Midfield,5000000.00,1994-03-09 00:00:00,Turkey
https://www.transfermarkt.com/west-bromwich-albion/startseite/verein/984/saison_id/2020,/jake-livermore/profil/spieler/61832,Jake Livermore,Defensive Midfield,3000000.00,1989-11-14 00:00:00,England
https://www.transfermarkt.com/west-bromwich-albion/startseite/verein/984/saison_id/2020,/conor-gallagher/profil/spieler/488362,Conor Gallagher,Central Midfield,12000000.00,2000-02-06 00:00:00,England
https://www.transfermarkt.com/west-bromwich-albion/startseite/verein/984/saison_id/2020,/romaine-sawyers/profil/spieler/113036,Romaine Sawyers,Central Midfield,2500000.00,1991-11-02 00:00:00,St. Kitts &amp; Nevis
https://www.transfermarkt.com/west-bromwich-albion/startseite/verein/984/saison_id/2020,/ainsley-maitland-niles/profil/spieler/285845,Ainsley Maitland-Niles,Right Midfield,18000000.00,1997-08-29 00:00:00,England
https://www.transfermarkt.com/west-bromwich-albion/startseite/verein/984/saison_id/2020,/kyle-edwards/profil/spieler/314366,Kyle Edwards,Left Midfield,1000000.00,1998-02-17 00:00:00,England
https://www.transfermarkt.com/west-bromwich-albion/startseite/verein/984/saison_id/2020,/grady-diangana/profil/spieler/342048,Grady Diangana,Left Winger,12000000.00,1998-04-19 00:00:00,England
https://www.transfermarkt.com/west-bromwich-albion/startseite/verein/984/saison_id/2020,/kamil-grosicki/profil/spieler/37920,Kamil Grosicki,Left Winger,1000000.00,1988-06-08 00:00:00,Poland
https://www.transfermarkt.com/west-bromwich-albion/startseite/verein/984/saison_id/2020,/matheus-pereira/profil/spieler/225984,Matheus Pereira,Right Winger,13000000.00,1996-05-05 00:00:00,Brazil
https://www.transfermarkt.com/west-bromwich-albion/startseite/verein/984/saison_id/2020,/matt-phillips/profil/spieler/77274,Matt Phillips,Right Winger,4000000.00,1991-03-13 00:00:00,Scotland
https://www.transfermarkt.com/west-bromwich-albion/startseite/verein/984/saison_id/2020,/robert-snodgrass/profil/spieler/22614,Robert Snodgrass,Right Winger,2000000.00,1987-09-07 00:00:00,Scotland
https://www.transfermarkt.com/west-bromwich-albion/startseite/verein/984/saison_id/2020,/karlan-grant/profil/spieler/314183,Karlan Grant,Centre-Forward,9000000.00,1997-09-18 00:00:00,England
https://www.transfermarkt.com/west-bromwich-albion/startseite/verein/984/saison_id/2020,/callum-robinson/profil/spieler/183299,Callum Robinson,Centre-Forward,6000000.00,1995-02-02 00:00:00,Ireland
https://www.transfermarkt.com/west-bromwich-albion/startseite/verein/984/saison_id/2020,/mbaye-diagne/profil/spieler/271966,Mbaye Diagne,Centre-Forward,3000000.00,1991-10-28 00:00:00,Senegal
https://www.transfermarkt.com/west-bromwich-albion/startseite/verein/984/saison_id/2020,/hal-robson-kanu/profil/spieler/65976,Hal Robson-Kanu,Centre-Forward,1800000.00,1989-05-21 00:00:00,Wales
