,club_reference,href,name_and_surname,position,market_value,date_of_birth,country
0,https://www.transfermarkt.com/manchester-city/startseite/verein/281/saison_id/2020,/ederson/profil/spieler/238223,Ederson,Goalkeeper,€56.00m ,"Aug 17, 1993 (27)",Brazil
1,https://www.transfermarkt.com/manchester-city/startseite/verein/281/saison_id/2020,/zack-steffen/profil/spieler/221624,Zack Steffen,Goalkeeper,€6.00m ,"Apr 2, 1995 (25)",United States
2,https://www.transfermarkt.com/manchester-city/startseite/verein/281/saison_id/2020,/scott-carson/profil/spieler/14555,Scott Carson,Goalkeeper,€500Th. ,"Sep 3, 1985 (35)",England
3,https://www.transfermarkt.com/manchester-city/startseite/verein/281/saison_id/2020,/ruben-dias/profil/spieler/258004,Rúben Dias,Centre-Back,€70.00m ,"May 14, 1997 (23)",Portugal
4,https://www.transfermarkt.com/manchester-city/startseite/verein/281/saison_id/2020,/aymeric-laporte/profil/spieler/176553,Aymeric Laporte,Centre-Back,€50.00m ,"May 27, 1994 (26)",France
5,https://www.transfermarkt.com/manchester-city/startseite/verein/281/saison_id/2020,/nathan-ake/profil/spieler/177476,Nathan Aké,Centre-Back,€35.00m ,"Feb 18, 1995 (26)",Netherlands
6,https://www.transfermarkt.com/manchester-city/startseite/verein/281/saison_id/2020,/john-stones/profil/spieler/186590,John Stones,Centre-Back,€30.00m ,"May 28, 1994 (26)",England
7,https://www.transfermarkt.com/manchester-city/startseite/verein/281/saison_id/2020,/eric-garcia/profil/spieler/466794,Eric García,Centre-Back,€20.00m ,"Jan 9, 2001 (20)",Spain
8,https://www.transfermarkt.com/manchester-city/startseite/verein/281/saison_id/2020,/philippe-sandler/profil/spieler/340460,Philippe Sandler,Centre-Back,€3.00m ,"Feb 10, 1997 (24)",Netherlands
9,https://www.transfermarkt.com/manchester-city/startseite/verein/281/saison_id/2020,/benjamin-mendy/profil/spieler/157495,Benjamin Mendy,Left-Back,€22.00m ,"Jul 17, 1994 (26)",France
10,https://www.transfermarkt.com/manchester-city/startseite/verein/281/saison_id/2020,/oleksandr-zinchenko/profil/spieler/203853,Oleksandr Zinchenko,Left-Back,€20.00m ,"Dec 15, 1996 (24)",Ukraine
11,https://www.transfermarkt.com/manchester-city/startseite/verein/281/saison_id/2020,/joao-cancelo/profil/spieler/182712,João Cancelo,Right-Back,€50.00m ,"May 27, 1994 (26)",Portugal
12,https://www.transfermarkt.com/manchester-city/startseite/verein/281/saison_id/2020,/kyle-walker/profil/spieler/95424,Kyle Walker,Right-Back,€35.00m ,"May 28, 1990 (30)",England
13,https://www.transfermarkt.com/manchester-city/startseite/verein/281/saison_id/2020,/rodri/profil/spieler/357565,Rodri,Defensive Midfield,€70.00m ,"Jun 22, 1996 (24)",Spain
14,https://www.transfermarkt.com/manchester-city/startseite/verein/281/saison_id/2020,/fernandinho/profil/spieler/26267,Fernandinho,Defensive Midfield,€2.50m ,"May 4, 1985 (35)",Brazil
15,https://www.transfermarkt.com/manchester-city/startseite/verein/281/saison_id/2020,/phil-foden/profil/spieler/406635,Phil Foden,Central Midfield,€70.00m ,"May 28, 2000 (20)",England
16,https://www.transfermarkt.com/manchester-city/startseite/verein/281/saison_id/2020,/ilkay-gundogan/profil/spieler/53622,Ilkay Gündogan,Central Midfield,€40.00m ,"Oct 24, 1990 (30)",Germany
17,https://www.transfermarkt.com/manchester-city/startseite/verein/281/saison_id/2020,/kevin-de-bruyne/profil/spieler/88755,Kevin De Bruyne,Attacking Midfield,€100.00m ,"Jun 28, 1991 (29)",Belgium
18,https://www.transfermarkt.com/manchester-city/startseite/verein/281/saison_id/2020,/bernardo-silva/profil/spieler/241641,Bernardo Silva,Attacking Midfield,€70.00m ,"Aug 10, 1994 (26)",Portugal
19,https://www.transfermarkt.com/manchester-city/startseite/verein/281/saison_id/2020,/raheem-sterling/profil/spieler/134425,Raheem Sterling,Left Winger,€100.00m ,"Dec 8, 1994 (26)",England
20,https://www.transfermarkt.com/manchester-city/startseite/verein/281/saison_id/2020,/ferran-torres/profil/spieler/398184,Ferran Torres,Right Winger,€50.00m ,"Feb 29, 2000 (21)",Spain
21,https://www.transfermarkt.com/manchester-city/startseite/verein/281/saison_id/2020,/riyad-mahrez/profil/spieler/171424,Riyad Mahrez,Right Winger,€42.00m ,"Feb 21, 1991 (30)",Algeria
22,https://www.transfermarkt.com/manchester-city/startseite/verein/281/saison_id/2020,/gabriel-jesus/profil/spieler/363205,Gabriel Jesus,Centre-Forward,€60.00m ,"Apr 3, 1997 (23)",Brazil
23,https://www.transfermarkt.com/manchester-city/startseite/verein/281/saison_id/2020,/sergio-aguero/profil/spieler/26399,Sergio Agüero,Centre-Forward,€25.00m ,"Jun 2, 1988 (32)",Argentina
24,https://www.transfermarkt.com/fc-liverpool/startseite/verein/31/saison_id/2020,/alisson/profil/spieler/105470,Alisson,Goalkeeper,€65.00m ,"Oct 2, 1992 (28)",Brazil
25,https://www.transfermarkt.com/fc-liverpool/startseite/verein/31/saison_id/2020,/caoimhin-kelleher/profil/spieler/340918,Caoimhin Kelleher,Goalkeeper,€2.50m ,"Nov 23, 1998 (22)",Ireland
26,https://www.transfermarkt.com/fc-liverpool/startseite/verein/31/saison_id/2020,/adrian/profil/spieler/71271,Adrián,Goalkeeper,€1.50m ,"Jan 3, 1987 (34)",Spain
27,https://www.transfermarkt.com/fc-liverpool/startseite/verein/31/saison_id/2020,/virgil-van-dijk/profil/spieler/139208,Virgil van Dijk,Centre-Back,€70.00m ,"Jul 8, 1991 (29)",Netherlands
28,https://www.transfermarkt.com/fc-liverpool/startseite/verein/31/saison_id/2020,/joe-gomez/profil/spieler/256178,Joe Gomez,Centre-Back,€35.00m ,"May 23, 1997 (23)",England
29,https://www.transfermarkt.com/fc-liverpool/startseite/verein/31/saison_id/2020,/ozan-kabak/profil/spieler/361260,Ozan Kabak,Centre-Back,€25.00m ,"Mar 25, 2000 (20)",Turkey
30,https://www.transfermarkt.com/fc-liverpool/startseite/verein/31/saison_id/2020,/joel-matip/profil/spieler/82105,Joel Matip,Centre-Back,€25.00m ,"Aug 8, 1991 (29)",Cameroon
31,https://www.transfermarkt.com/fc-liverpool/startseite/verein/31/saison_id/2020,/rhys-williams/profil/spieler/503679,Rhys Williams,Centre-Back,€5.00m ,"Feb 3, 2001 (20)",England
32,https://www.transfermarkt.com/fc-liverpool/startseite/verein/31/saison_id/2020,/nathaniel-phillips/profil/spieler/371814,Nathaniel Phillips,Centre-Back,€5.00m ,"Mar 21, 1997 (23)",England
33,https://www.transfermarkt.com/fc-liverpool/startseite/verein/31/saison_id/2020,/ben-davies/profil/spieler/257097,Ben Davies,Centre-Back,€3.00m ,"Aug 11, 1995 (25)",England
34,https://www.transfermarkt.com/fc-liverpool/startseite/verein/31/saison_id/2020,/andrew-robertson/profil/spieler/234803,Andrew Robertson,Left-Back,€70.00m ,"Mar 11, 1994 (27)",Scotland
35,https://www.transfermarkt.com/fc-liverpool/startseite/verein/31/saison_id/2020,/konstantinos-tsimikas/profil/spieler/338070,Konstantinos Tsimikas,Left-Back,€8.00m ,"May 12, 1996 (24)",Greece
36,https://www.transfermarkt.com/fc-liverpool/startseite/verein/31/saison_id/2020,/trent-alexander-arnold/profil/spieler/314353,Trent Alexander-Arnold,Right-Back,€100.00m ,"Oct 7, 1998 (22)",England
37,https://www.transfermarkt.com/fc-liverpool/startseite/verein/31/saison_id/2020,/neco-williams/profil/spieler/503680,Neco Williams,Right-Back,€10.00m ,"Apr 13, 2001 (19)",Wales
38,https://www.transfermarkt.com/fc-liverpool/startseite/verein/31/saison_id/2020,/fabinho/profil/spieler/225693,Fabinho,Defensive Midfield,€60.00m ,"Oct 23, 1993 (27)",Brazil
39,https://www.transfermarkt.com/fc-liverpool/startseite/verein/31/saison_id/2020,/naby-keita/profil/spieler/302215,Naby Keïta,Central Midfield,€38.00m ,"Feb 10, 1995 (26)",Guinea
40,https://www.transfermarkt.com/fc-liverpool/startseite/verein/31/saison_id/2020,/georginio-wijnaldum/profil/spieler/49499,Georginio Wijnaldum,Central Midfield,€35.00m ,"Nov 11, 1990 (30)",Netherlands
41,https://www.transfermarkt.com/fc-liverpool/startseite/verein/31/saison_id/2020,/thiago/profil/spieler/60444,Thiago,Central Midfield,€35.00m ,"Apr 11, 1991 (29)",Spain
42,https://www.transfermarkt.com/fc-liverpool/startseite/verein/31/saison_id/2020,/curtis-jones/profil/spieler/433188,Curtis Jones,Central Midfield,€30.00m ,"Jan 30, 2001 (20)",England
43,https://www.transfermarkt.com/fc-liverpool/startseite/verein/31/saison_id/2020,/jordan-henderson/profil/spieler/61651,Jordan Henderson,Central Midfield,€22.00m ,"Jun 17, 1990 (30)",England
44,https://www.transfermarkt.com/fc-liverpool/startseite/verein/31/saison_id/2020,/alex-oxlade-chamberlain/profil/spieler/143424,Alex Oxlade-Chamberlain,Central Midfield,€20.00m ,"Aug 15, 1993 (27)",England
45,https://www.transfermarkt.com/fc-liverpool/startseite/verein/31/saison_id/2020,/james-milner/profil/spieler/3333,James Milner,Central Midfield,€3.00m ,"Jan 4, 1986 (35)",England
46,https://www.transfermarkt.com/fc-liverpool/startseite/verein/31/saison_id/2020,/ben-woodburn/profil/spieler/344015,Ben Woodburn,Attacking Midfield,€3.00m ,"Oct 15, 1999 (21)",Wales
47,https://www.transfermarkt.com/fc-liverpool/startseite/verein/31/saison_id/2020,/sadio-mane/profil/spieler/200512,Sadio Mané,Left Winger,€100.00m ,"Apr 10, 1992 (28)",Senegal
48,https://www.transfermarkt.com/fc-liverpool/startseite/verein/31/saison_id/2020,/diogo-jota/profil/spieler/340950,Diogo Jota,Left Winger,€40.00m ,"Dec 4, 1996 (24)",Portugal
49,https://www.transfermarkt.com/fc-liverpool/startseite/verein/31/saison_id/2020,/mohamed-salah/profil/spieler/148455,Mohamed Salah,Right Winger,€110.00m ,"Jun 15, 1992 (28)",Egypt
50,https://www.transfermarkt.com/fc-liverpool/startseite/verein/31/saison_id/2020,/xherdan-shaqiri/profil/spieler/86792,Xherdan Shaqiri,Right Winger,€14.00m ,"Oct 10, 1991 (29)",Switzerland
51,https://www.transfermarkt.com/fc-liverpool/startseite/verein/31/saison_id/2020,/roberto-firmino/profil/spieler/131789,Roberto Firmino,Centre-Forward,€55.00m ,"Oct 2, 1991 (29)",Brazil
52,https://www.transfermarkt.com/fc-liverpool/startseite/verein/31/saison_id/2020,/divock-origi/profil/spieler/148368,Divock Origi,Centre-Forward,€16.00m ,"Apr 18, 1995 (25)",Belgium
53,https://www.transfermarkt.com/fc-chelsea/startseite/verein/631/saison_id/2020,/edouard-mendy/profil/spieler/442531,Edouard Mendy,Goalkeeper,€25.00m ,"Mar 1, 1992 (29)",Senegal
54,https://www.transfermarkt.com/fc-chelsea/startseite/verein/631/saison_id/2020,/kepa/profil/spieler/192279,Kepa,Goalkeeper,€13.00m ,"Oct 3, 1994 (26)",Spain
55,https://www.transfermarkt.com/fc-chelsea/startseite/verein/631/saison_id/2020,/willy-caballero/profil/spieler/19948,Willy Caballero,Goalkeeper,€300Th. ,"Sep 28, 1981 (39)",Argentina
56,https://www.transfermarkt.com/fc-chelsea/startseite/verein/631/saison_id/2020,/kurt-zouma/profil/spieler/157509,Kurt Zouma,Centre-Back,€32.00m ,"Oct 27, 1994 (26)",France
57,https://www.transfermarkt.com/fc-chelsea/startseite/verein/631/saison_id/2020,/andreas-christensen/profil/spieler/196948,Andreas Christensen,Centre-Back,€28.00m ,"Apr 10, 1996 (24)",Denmark
58,https://www.transfermarkt.com/fc-chelsea/startseite/verein/631/saison_id/2020,/antonio-rudiger/profil/spieler/86202,Antonio Rüdiger,Centre-Back,€25.00m ,"Mar 3, 1993 (28)",Germany
59,https://www.transfermarkt.com/fc-chelsea/startseite/verein/631/saison_id/2020,/thiago-silva/profil/spieler/29241,Thiago Silva,Centre-Back,€3.50m ,"Sep 22, 1984 (36)",Brazil
60,https://www.transfermarkt.com/fc-chelsea/startseite/verein/631/saison_id/2020,/ben-chilwell/profil/spieler/316125,Ben Chilwell,Left-Back,€50.00m ,"Dec 21, 1996 (24)",England
61,https://www.transfermarkt.com/fc-chelsea/startseite/verein/631/saison_id/2020,/emerson/profil/spieler/181778,Emerson,Left-Back,€15.00m ,"Aug 3, 1994 (26)",Italy
62,https://www.transfermarkt.com/fc-chelsea/startseite/verein/631/saison_id/2020,/marcos-alonso/profil/spieler/112515,Marcos Alonso,Left-Back,€13.00m ,"Dec 28, 1990 (30)",Spain
63,https://www.transfermarkt.com/fc-chelsea/startseite/verein/631/saison_id/2020,/reece-james/profil/spieler/472423,Reece James,Right-Back,€40.00m ,"Dec 8, 1999 (21)",England
64,https://www.transfermarkt.com/fc-chelsea/startseite/verein/631/saison_id/2020,/cesar-azpilicueta/profil/spieler/57500,César Azpilicueta,Right-Back,€17.00m ,"Aug 28, 1989 (31)",Spain
65,https://www.transfermarkt.com/fc-chelsea/startseite/verein/631/saison_id/2020,/jorginho/profil/spieler/102017,Jorginho,Defensive Midfield,€45.00m ,"Dec 20, 1991 (29)",Italy
66,https://www.transfermarkt.com/fc-chelsea/startseite/verein/631/saison_id/2020,/ngolo-kante/profil/spieler/225083,N'Golo Kanté,Central Midfield,€55.00m ,"Mar 29, 1991 (29)",France
67,https://www.transfermarkt.com/fc-chelsea/startseite/verein/631/saison_id/2020,/mateo-kovacic/profil/spieler/51471,Mateo Kovacic,Central Midfield,€45.00m ,"May 6, 1994 (26)",Croatia
68,https://www.transfermarkt.com/fc-chelsea/startseite/verein/631/saison_id/2020,/billy-gilmour/profil/spieler/423744,Billy Gilmour,Central Midfield,€7.00m ,"Jun 11, 2001 (19)",Scotland
69,https://www.transfermarkt.com/fc-chelsea/startseite/verein/631/saison_id/2020,/kai-havertz/profil/spieler/309400,Kai Havertz,Attacking Midfield,€70.00m ,"Jun 11, 1999 (21)",Germany
70,https://www.transfermarkt.com/fc-chelsea/startseite/verein/631/saison_id/2020,/mason-mount/profil/spieler/346483,Mason Mount,Attacking Midfield,€60.00m ,"Jan 10, 1999 (22)",England
71,https://www.transfermarkt.com/fc-chelsea/startseite/verein/631/saison_id/2020,/charly-musonda-jr-/profil/spieler/177862,Charly Musonda Jr.,Attacking Midfield,€1.00m ,"Oct 15, 1996 (24)",Belgium
72,https://www.transfermarkt.com/fc-chelsea/startseite/verein/631/saison_id/2020,/callum-hudson-odoi/profil/spieler/392768,Callum Hudson-Odoi,Left Winger,€35.00m ,"Nov 7, 2000 (20)",England
73,https://www.transfermarkt.com/fc-chelsea/startseite/verein/631/saison_id/2020,/christian-pulisic/profil/spieler/315779,Christian Pulisic,Right Winger,€50.00m ,"Sep 18, 1998 (22)",United States
74,https://www.transfermarkt.com/fc-chelsea/startseite/verein/631/saison_id/2020,/hakim-ziyech/profil/spieler/217111,Hakim Ziyech,Right Winger,€40.00m ,"Mar 19, 1993 (28)",Morocco
75,https://www.transfermarkt.com/fc-chelsea/startseite/verein/631/saison_id/2020,/timo-werner/profil/spieler/170527,Timo Werner,Centre-Forward,€65.00m ,"Mar 6, 1996 (25)",Germany
76,https://www.transfermarkt.com/fc-chelsea/startseite/verein/631/saison_id/2020,/tammy-abraham/profil/spieler/331726,Tammy Abraham,Centre-Forward,€40.00m ,"Oct 2, 1997 (23)",England
77,https://www.transfermarkt.com/fc-chelsea/startseite/verein/631/saison_id/2020,/olivier-giroud/profil/spieler/82442,Olivier Giroud,Centre-Forward,€5.00m ,"Sep 30, 1986 (34)",France
78,https://www.transfermarkt.com/manchester-united/startseite/verein/985/saison_id/2020,/david-de-gea/profil/spieler/59377,David de Gea,Goalkeeper,€22.00m ,"Nov 7, 1990 (30)",Spain
79,https://www.transfermarkt.com/manchester-united/startseite/verein/985/saison_id/2020,/dean-henderson/profil/spieler/258919,Dean Henderson,Goalkeeper,€20.00m ,"Mar 12, 1997 (24)",England
80,https://www.transfermarkt.com/manchester-united/startseite/verein/985/saison_id/2020,/sergio-romero/profil/spieler/30690,Sergio Romero,Goalkeeper,€1.50m ,"Feb 22, 1987 (34)",Argentina
81,https://www.transfermarkt.com/manchester-united/startseite/verein/985/saison_id/2020,/nathan-bishop/profil/spieler/495033,Nathan Bishop,Goalkeeper,€300Th. ,"Oct 15, 1999 (21)",England
82,https://www.transfermarkt.com/manchester-united/startseite/verein/985/saison_id/2020,/lee-grant/profil/spieler/13460,Lee Grant,Goalkeeper,€250Th. ,"Jan 27, 1983 (38)",England
83,https://www.transfermarkt.com/manchester-united/startseite/verein/985/saison_id/2020,/harry-maguire/profil/spieler/177907,Harry Maguire,Centre-Back,€40.00m ,"Mar 5, 1993 (28)",England
84,https://www.transfermarkt.com/manchester-united/startseite/verein/985/saison_id/2020,/victor-lindelof/profil/spieler/184573,Victor Lindelöf,Centre-Back,€24.00m ,"Jul 17, 1994 (26)",Sweden
85,https://www.transfermarkt.com/manchester-united/startseite/verein/985/saison_id/2020,/eric-bailly/profil/spieler/286384,Eric Bailly,Centre-Back,€15.00m ,"Apr 12, 1994 (26)",Cote d'Ivoire
86,https://www.transfermarkt.com/manchester-united/startseite/verein/985/saison_id/2020,/axel-tuanzebe/profil/spieler/342046,Axel Tuanzebe,Centre-Back,€8.00m ,"Nov 14, 1997 (23)",England
87,https://www.transfermarkt.com/manchester-united/startseite/verein/985/saison_id/2020,/phil-jones/profil/spieler/117996,Phil Jones,Centre-Back,€5.00m ,"Feb 21, 1992 (29)",England
88,https://www.transfermarkt.com/manchester-united/startseite/verein/985/saison_id/2020,/alex-telles/profil/spieler/255755,Alex Telles,Left-Back,€28.00m ,"Dec 15, 1992 (28)",Brazil
89,https://www.transfermarkt.com/manchester-united/startseite/verein/985/saison_id/2020,/luke-shaw/profil/spieler/183288,Luke Shaw,Left-Back,€25.00m ,"Jul 12, 1995 (25)",England
90,https://www.transfermarkt.com/manchester-united/startseite/verein/985/saison_id/2020,/brandon-williams/profil/spieler/507700,Brandon Williams,Left-Back,€10.00m ,"Sep 3, 2000 (20)",England
91,https://www.transfermarkt.com/manchester-united/startseite/verein/985/saison_id/2020,/aaron-wan-bissaka/profil/spieler/477758,Aaron Wan-Bissaka,Right-Back,€40.00m ,"Nov 26, 1997 (23)",England
92,https://www.transfermarkt.com/manchester-united/startseite/verein/985/saison_id/2020,/nemanja-matic/profil/spieler/74683,Nemanja Matic,Defensive Midfield,€10.00m ,"Aug 1, 1988 (32)",Serbia
93,https://www.transfermarkt.com/manchester-united/startseite/verein/985/saison_id/2020,/paul-pogba/profil/spieler/122153,Paul Pogba,Central Midfield,€60.00m ,"Mar 15, 1993 (28)",France
94,https://www.transfermarkt.com/manchester-united/startseite/verein/985/saison_id/2020,/donny-van-de-beek/profil/spieler/288255,Donny van de Beek,Central Midfield,€35.00m ,"Apr 18, 1997 (23)",Netherlands
95,https://www.transfermarkt.com/manchester-united/startseite/verein/985/saison_id/2020,/scott-mctominay/profil/spieler/315969,Scott McTominay,Central Midfield,€30.00m ,"Dec 8, 1996 (24)",Scotland
96,https://www.transfermarkt.com/manchester-united/startseite/verein/985/saison_id/2020,/fred/profil/spieler/191614,Fred,Central Midfield,€22.00m ,"Mar 5, 1993 (28)",Brazil
97,https://www.transfermarkt.com/manchester-united/startseite/verein/985/saison_id/2020,/ethan-galbraith/profil/spieler/433991,Ethan Galbraith,Central Midfield,€900Th. ,"May 11, 2001 (19)",Northern Ireland
98,https://www.transfermarkt.com/manchester-united/startseite/verein/985/saison_id/2020,/hannibal-mejbri/profil/spieler/607224,Hannibal Mejbri,Central Midfield, ,"Jan 21, 2003 (18)",France
99,https://www.transfermarkt.com/manchester-united/startseite/verein/985/saison_id/2020,/bruno-fernandes/profil/spieler/240306,Bruno Fernandes,Attacking Midfield,€90.00m ,"Sep 8, 1994 (26)",Portugal
100,https://www.transfermarkt.com/manchester-united/startseite/verein/985/saison_id/2020,/juan-mata/profil/spieler/44068,Juan Mata,Attacking Midfield,€6.00m ,"Apr 28, 1988 (32)",Spain
101,https://www.transfermarkt.com/manchester-united/startseite/verein/985/saison_id/2020,/marcus-rashford/profil/spieler/258923,Marcus Rashford,Left Winger,€85.00m ,"Oct 31, 1997 (23)",England
102,https://www.transfermarkt.com/manchester-united/startseite/verein/985/saison_id/2020,/daniel-james/profil/spieler/319301,Daniel James,Left Winger,€18.00m ,"Nov 10, 1997 (23)",Wales
103,https://www.transfermarkt.com/manchester-united/startseite/verein/985/saison_id/2020,/shola-shoretire/profil/spieler/640026,Shola Shoretire,Left Winger,€3.00m ,"Feb 2, 2004 (17)",England
104,https://www.transfermarkt.com/manchester-united/startseite/verein/985/saison_id/2020,/mason-greenwood/profil/spieler/532826,Mason Greenwood,Right Winger,€50.00m ,"Oct 1, 2001 (19)",England
105,https://www.transfermarkt.com/manchester-united/startseite/verein/985/saison_id/2020,/amad-diallo/profil/spieler/536835,Amad Diallo,Right Winger,€15.00m ,"Jul 11, 2002 (18)",Cote d'Ivoire
106,https://www.transfermarkt.com/manchester-united/startseite/verein/985/saison_id/2020,/anthony-martial/profil/spieler/182877,Anthony Martial,Centre-Forward,€50.00m ,"Dec 5, 1995 (25)",France
107,https://www.transfermarkt.com/manchester-united/startseite/verein/985/saison_id/2020,/edinson-cavani/profil/spieler/48280,Edinson Cavani,Centre-Forward,€7.00m ,"Feb 14, 1987 (34)",Uruguay
108,https://www.transfermarkt.com/tottenham-hotspur/startseite/verein/148/saison_id/2020,/hugo-lloris/profil/spieler/17965,Hugo Lloris,Goalkeeper,€9.00m ,"Dec 26, 1986 (34)",France
109,https://www.transfermarkt.com/tottenham-hotspur/startseite/verein/148/saison_id/2020,/joe-hart/profil/spieler/40204,Joe Hart,Goalkeeper,€2.00m ,"Apr 19, 1987 (33)",England
110,https://www.transfermarkt.com/tottenham-hotspur/startseite/verein/148/saison_id/2020,/alfie-whiteman/profil/spieler/282823,Alfie Whiteman,Goalkeeper,€800Th. ,"Oct 2, 1998 (22)",England
111,https://www.transfermarkt.com/tottenham-hotspur/startseite/verein/148/saison_id/2020,/davinson-sanchez/profil/spieler/341429,Davinson Sánchez,Centre-Back,€35.00m ,"Jun 12, 1996 (24)",Colombia
112,https://www.transfermarkt.com/tottenham-hotspur/startseite/verein/148/saison_id/2020,/eric-dier/profil/spieler/175722,Eric Dier,Centre-Back,€25.00m ,"Jan 15, 1994 (27)",England
113,https://www.transfermarkt.com/tottenham-hotspur/startseite/verein/148/saison_id/2020,/toby-alderweireld/profil/spieler/42710,Toby Alderweireld,Centre-Back,€15.00m ,"Mar 2, 1989 (32)",Belgium
114,https://www.transfermarkt.com/tottenham-hotspur/startseite/verein/148/saison_id/2020,/joe-rodon/profil/spieler/297212,Joe Rodon,Centre-Back,€10.00m ,"Oct 22, 1997 (23)",Wales
115,https://www.transfermarkt.com/tottenham-hotspur/startseite/verein/148/saison_id/2020,/japhet-tanganga/profil/spieler/346478,Japhet Tanganga,Centre-Back,€8.00m ,"Mar 31, 1999 (21)",England
116,https://www.transfermarkt.com/tottenham-hotspur/startseite/verein/148/saison_id/2020,/sergio-reguilon/profil/spieler/282429,Sergio Reguilón,Left-Back,€25.00m ,"Dec 16, 1996 (24)",Spain
117,https://www.transfermarkt.com/tottenham-hotspur/startseite/verein/148/saison_id/2020,/ben-davies/profil/spieler/192765,Ben Davies,Left-Back,€16.00m ,"Apr 24, 1993 (27)",Wales
118,https://www.transfermarkt.com/tottenham-hotspur/startseite/verein/148/saison_id/2020,/danny-rose/profil/spieler/50174,Danny Rose,Left-Back,€4.00m ,"Jul 2, 1990 (30)",England
119,https://www.transfermarkt.com/tottenham-hotspur/startseite/verein/148/saison_id/2020,/serge-aurier/profil/spieler/127032,Serge Aurier,Right-Back,€20.00m ,"Dec 24, 1992 (28)",Cote d'Ivoire
120,https://www.transfermarkt.com/tottenham-hotspur/startseite/verein/148/saison_id/2020,/matt-doherty/profil/spieler/171679,Matt Doherty,Right-Back,€18.00m ,"Jan 16, 1992 (29)",Ireland
121,https://www.transfermarkt.com/tottenham-hotspur/startseite/verein/148/saison_id/2020,/harry-winks/profil/spieler/249126,Harry Winks,Defensive Midfield,€22.00m ,"Feb 2, 1996 (25)",England
122,https://www.transfermarkt.com/tottenham-hotspur/startseite/verein/148/saison_id/2020,/tanguy-ndombele/profil/spieler/450936,Tanguy Ndombélé,Central Midfield,€50.00m ,"Dec 28, 1996 (24)",France
123,https://www.transfermarkt.com/tottenham-hotspur/startseite/verein/148/saison_id/2020,/pierre-emile-hojbjerg/profil/spieler/167799,Pierre-Emile Höjbjerg,Central Midfield,€35.00m ,"Aug 5, 1995 (25)",Denmark
124,https://www.transfermarkt.com/tottenham-hotspur/startseite/verein/148/saison_id/2020,/giovani-lo-celso/profil/spieler/348795,Giovani Lo Celso,Central Midfield,€30.00m ,"Apr 9, 1996 (24)",Argentina
125,https://www.transfermarkt.com/tottenham-hotspur/startseite/verein/148/saison_id/2020,/moussa-sissoko/profil/spieler/46001,Moussa Sissoko,Central Midfield,€13.00m ,"Aug 16, 1989 (31)",France
126,https://www.transfermarkt.com/tottenham-hotspur/startseite/verein/148/saison_id/2020,/dele-alli/profil/spieler/207929,Dele Alli,Attacking Midfield,€32.00m ,"Apr 11, 1996 (24)",England
127,https://www.transfermarkt.com/tottenham-hotspur/startseite/verein/148/saison_id/2020,/heung-min-son/profil/spieler/91845,Heung-min Son,Left Winger,€85.00m ,"Jul 8, 1992 (28)","Korea, South"
128,https://www.transfermarkt.com/tottenham-hotspur/startseite/verein/148/saison_id/2020,/steven-bergwijn/profil/spieler/284165,Steven Bergwijn,Left Winger,€25.00m ,"Oct 8, 1997 (23)",Netherlands
129,https://www.transfermarkt.com/tottenham-hotspur/startseite/verein/148/saison_id/2020,/lucas-moura/profil/spieler/77100,Lucas Moura,Right Winger,€25.00m ,"Aug 13, 1992 (28)",Brazil
130,https://www.transfermarkt.com/tottenham-hotspur/startseite/verein/148/saison_id/2020,/gareth-bale/profil/spieler/39381,Gareth Bale,Right Winger,€20.00m ,"Jul 16, 1989 (31)",Wales
131,https://www.transfermarkt.com/tottenham-hotspur/startseite/verein/148/saison_id/2020,/erik-lamela/profil/spieler/111630,Erik Lamela,Right Winger,€16.00m ,"Mar 4, 1992 (29)",Argentina
132,https://www.transfermarkt.com/tottenham-hotspur/startseite/verein/148/saison_id/2020,/harry-kane/profil/spieler/132098,Harry Kane,Centre-Forward,€120.00m ,"Jul 28, 1993 (27)",England
133,https://www.transfermarkt.com/tottenham-hotspur/startseite/verein/148/saison_id/2020,/carlos-vinicius/profil/spieler/525287,Carlos Vinícius,Centre-Forward,€20.00m ,"Mar 25, 1995 (25)",Brazil
134,https://www.transfermarkt.com/fc-arsenal/startseite/verein/11/saison_id/2020,/bernd-leno/profil/spieler/72476,Bernd Leno,Goalkeeper,€25.00m ,"Mar 4, 1992 (29)",Germany
135,https://www.transfermarkt.com/fc-arsenal/startseite/verein/11/saison_id/2020,/mathew-ryan/profil/spieler/128969,Mathew Ryan,Goalkeeper,€6.00m ,"Apr 8, 1992 (28)",Australia
136,https://www.transfermarkt.com/fc-arsenal/startseite/verein/11/saison_id/2020,/runar-alex-runarsson/profil/spieler/205657,Rúnar Alex Rúnarsson,Goalkeeper,€1.80m ,"Feb 18, 1995 (26)",Iceland
137,https://www.transfermarkt.com/fc-arsenal/startseite/verein/11/saison_id/2020,/dejan-iliev/profil/spieler/205757,Dejan Iliev,Goalkeeper,€300Th. ,"Feb 25, 1995 (26)",North Macedonia
138,https://www.transfermarkt.com/fc-arsenal/startseite/verein/11/saison_id/2020,/gabriel/profil/spieler/435338,Gabriel,Centre-Back,€25.00m ,"Dec 19, 1997 (23)",Brazil
139,https://www.transfermarkt.com/fc-arsenal/startseite/verein/11/saison_id/2020,/rob-holding/profil/spieler/253341,Rob Holding,Centre-Back,€16.00m ,"Sep 20, 1995 (25)",England
140,https://www.transfermarkt.com/fc-arsenal/startseite/verein/11/saison_id/2020,/calum-chambers/profil/spieler/215118,Calum Chambers,Centre-Back,€12.00m ,"Jan 20, 1995 (26)",England
141,https://www.transfermarkt.com/fc-arsenal/startseite/verein/11/saison_id/2020,/pablo-mari/profil/spieler/210178,Pablo Marí,Centre-Back,€7.00m ,"Aug 31, 1993 (27)",Spain
142,https://www.transfermarkt.com/fc-arsenal/startseite/verein/11/saison_id/2020,/david-luiz/profil/spieler/46741,David Luiz,Centre-Back,€5.00m ,"Apr 22, 1987 (33)",Brazil
143,https://www.transfermarkt.com/fc-arsenal/startseite/verein/11/saison_id/2020,/kieran-tierney/profil/spieler/300716,Kieran Tierney,Left-Back,€30.00m ,"Jun 5, 1997 (23)",Scotland
144,https://www.transfermarkt.com/fc-arsenal/startseite/verein/11/saison_id/2020,/hector-bellerin/profil/spieler/191217,Héctor Bellerín,Right-Back,€25.00m ,"Mar 19, 1995 (26)",Spain
145,https://www.transfermarkt.com/fc-arsenal/startseite/verein/11/saison_id/2020,/cedric-soares/profil/spieler/112988,Cédric Soares,Right-Back,€6.00m ,"Aug 31, 1991 (29)",Portugal
146,https://www.transfermarkt.com/fc-arsenal/startseite/verein/11/saison_id/2020,/thomas-partey/profil/spieler/230784,Thomas Partey,Defensive Midfield,€45.00m ,"Jun 13, 1993 (27)",Ghana
147,https://www.transfermarkt.com/fc-arsenal/startseite/verein/11/saison_id/2020,/granit-xhaka/profil/spieler/111455,Granit Xhaka,Defensive Midfield,€22.00m ,"Sep 27, 1992 (28)",Switzerland
148,https://www.transfermarkt.com/fc-arsenal/startseite/verein/11/saison_id/2020,/mohamed-elneny/profil/spieler/160438,Mohamed Elneny,Defensive Midfield,€10.00m ,"Jul 11, 1992 (28)",Egypt
149,https://www.transfermarkt.com/fc-arsenal/startseite/verein/11/saison_id/2020,/dani-ceballos/profil/spieler/319745,Dani Ceballos,Central Midfield,€30.00m ,"Aug 7, 1996 (24)",Spain
150,https://www.transfermarkt.com/fc-arsenal/startseite/verein/11/saison_id/2020,/martin-odegaard/profil/spieler/316264,Martin Ødegaard,Attacking Midfield,€40.00m ,"Dec 17, 1998 (22)",Norway
151,https://www.transfermarkt.com/fc-arsenal/startseite/verein/11/saison_id/2020,/emile-smith-rowe/profil/spieler/392765,Emile Smith Rowe,Attacking Midfield,€13.00m ,"Jul 28, 2000 (20)",England
152,https://www.transfermarkt.com/fc-arsenal/startseite/verein/11/saison_id/2020,/gabriel-martinelli/profil/spieler/655488,Gabriel Martinelli,Left Winger,€22.00m ,"Jun 18, 2001 (19)",Brazil
153,https://www.transfermarkt.com/fc-arsenal/startseite/verein/11/saison_id/2020,/bukayo-saka/profil/spieler/433177,Bukayo Saka,Right Winger,€60.00m ,"Sep 5, 2001 (19)",England
154,https://www.transfermarkt.com/fc-arsenal/startseite/verein/11/saison_id/2020,/nicolas-pepe/profil/spieler/343052,Nicolas Pépé,Right Winger,€38.00m ,"May 29, 1995 (25)",Cote d'Ivoire
155,https://www.transfermarkt.com/fc-arsenal/startseite/verein/11/saison_id/2020,/willian/profil/spieler/52769,Willian,Right Winger,€12.00m ,"Aug 9, 1988 (32)",Brazil
156,https://www.transfermarkt.com/fc-arsenal/startseite/verein/11/saison_id/2020,/reiss-nelson/profil/spieler/340325,Reiss Nelson,Right Winger,€10.00m ,"Dec 10, 1999 (21)",England
157,https://www.transfermarkt.com/fc-arsenal/startseite/verein/11/saison_id/2020,/alexandre-lacazette/profil/spieler/93720,Alexandre Lacazette,Centre-Forward,€35.00m ,"May 28, 1991 (29)",France
158,https://www.transfermarkt.com/fc-arsenal/startseite/verein/11/saison_id/2020,/pierre-emerick-aubameyang/profil/spieler/58864,Pierre-Emerick Aubameyang,Centre-Forward,€35.00m ,"Jun 18, 1989 (31)",Gabon
159,https://www.transfermarkt.com/fc-arsenal/startseite/verein/11/saison_id/2020,/eddie-nketiah/profil/spieler/340324,Eddie Nketiah,Centre-Forward,€18.00m ,"May 30, 1999 (21)",England
160,https://www.transfermarkt.com/leicester-city/startseite/verein/1003/saison_id/2020,/kasper-schmeichel/profil/spieler/16911,Kasper Schmeichel,Goalkeeper,€8.00m ,"Nov 5, 1986 (34)",Denmark
161,https://www.transfermarkt.com/leicester-city/startseite/verein/1003/saison_id/2020,/danny-ward/profil/spieler/203026,Danny Ward,Goalkeeper,€6.00m ,"Jun 22, 1993 (27)",Wales
162,https://www.transfermarkt.com/leicester-city/startseite/verein/1003/saison_id/2020,/eldin-jakupovic/profil/spieler/2857,Eldin Jakupovic,Goalkeeper,€400Th. ,"Oct 2, 1984 (36)",Switzerland
163,https://www.transfermarkt.com/leicester-city/startseite/verein/1003/saison_id/2020,/caglar-soyuncu/profil/spieler/320141,Caglar Söyüncü,Centre-Back,€40.00m ,"May 23, 1996 (24)",Turkey
164,https://www.transfermarkt.com/leicester-city/startseite/verein/1003/saison_id/2020,/wesley-fofana/profil/spieler/475411,Wesley Fofana,Centre-Back,€30.00m ,"Dec 17, 2000 (20)",France
165,https://www.transfermarkt.com/leicester-city/startseite/verein/1003/saison_id/2020,/jonny-evans/profil/spieler/42412,Jonny Evans,Centre-Back,€7.00m ,"Jan 3, 1988 (33)",Northern Ireland
166,https://www.transfermarkt.com/leicester-city/startseite/verein/1003/saison_id/2020,/wes-morgan/profil/spieler/10003,Wes Morgan,Centre-Back,€500Th. ,"Jan 21, 1984 (37)",Jamaica
167,https://www.transfermarkt.com/leicester-city/startseite/verein/1003/saison_id/2020,/luke-thomas/profil/spieler/505194,Luke Thomas,Left-Back,€3.00m ,"Jun 10, 2001 (19)",England
168,https://www.transfermarkt.com/leicester-city/startseite/verein/1003/saison_id/2020,/christian-fuchs/profil/spieler/6636,Christian Fuchs,Left-Back,€1.00m ,"Apr 7, 1986 (34)",Austria
169,https://www.transfermarkt.com/leicester-city/startseite/verein/1003/saison_id/2020,/ricardo-pereira/profil/spieler/215876,Ricardo Pereira,Right-Back,€30.00m ,"Oct 6, 1993 (27)",Portugal
170,https://www.transfermarkt.com/leicester-city/startseite/verein/1003/saison_id/2020,/timothy-castagne/profil/spieler/262226,Timothy Castagne,Right-Back,€24.00m ,"Dec 5, 1995 (25)",Belgium
171,https://www.transfermarkt.com/leicester-city/startseite/verein/1003/saison_id/2020,/james-justin/profil/spieler/413220,James Justin,Right-Back,€17.00m ,"Feb 23, 1998 (23)",England
172,https://www.transfermarkt.com/leicester-city/startseite/verein/1003/saison_id/2020,/wilfred-ndidi/profil/spieler/274839,Wilfred Ndidi,Defensive Midfield,€50.00m ,"Dec 16, 1996 (24)",Nigeria
173,https://www.transfermarkt.com/leicester-city/startseite/verein/1003/saison_id/2020,/hamza-choudhury/profil/spieler/341501,Hamza Choudhury,Defensive Midfield,€8.00m ,"Oct 1, 1997 (23)",England
174,https://www.transfermarkt.com/leicester-city/startseite/verein/1003/saison_id/2020,/nampalys-mendy/profil/spieler/111051,Nampalys Mendy,Defensive Midfield,€8.00m ,"Jun 23, 1992 (28)",Senegal
175,https://www.transfermarkt.com/leicester-city/startseite/verein/1003/saison_id/2020,/daniel-amartey/profil/spieler/214056,Daniel Amartey,Defensive Midfield,€5.00m ,"Dec 21, 1994 (26)",Ghana
176,https://www.transfermarkt.com/leicester-city/startseite/verein/1003/saison_id/2020,/youri-tielemans/profil/spieler/249565,Youri Tielemans,Central Midfield,€55.00m ,"May 7, 1997 (23)",Belgium
177,https://www.transfermarkt.com/leicester-city/startseite/verein/1003/saison_id/2020,/dennis-praet/profil/spieler/129588,Dennis Praet,Central Midfield,€20.00m ,"May 14, 1994 (26)",Belgium
178,https://www.transfermarkt.com/leicester-city/startseite/verein/1003/saison_id/2020,/marc-albrighton/profil/spieler/61560,Marc Albrighton,Right Midfield,€5.00m ,"Nov 18, 1989 (31)",England
179,https://www.transfermarkt.com/leicester-city/startseite/verein/1003/saison_id/2020,/harvey-barnes/profil/spieler/398065,Harvey Barnes,Left Midfield,€35.00m ,"Dec 9, 1997 (23)",England
180,https://www.transfermarkt.com/leicester-city/startseite/verein/1003/saison_id/2020,/james-maddison/profil/spieler/294057,James Maddison,Attacking Midfield,€60.00m ,"Nov 23, 1996 (24)",England
181,https://www.transfermarkt.com/leicester-city/startseite/verein/1003/saison_id/2020,/cengiz-under/profil/spieler/341647,Cengiz Ünder,Right Winger,€20.00m ,"Jul 14, 1997 (23)",Turkey
182,https://www.transfermarkt.com/leicester-city/startseite/verein/1003/saison_id/2020,/ayoze-perez/profil/spieler/246968,Ayoze Pérez,Second Striker,€18.00m ,"Jul 29, 1993 (27)",Spain
183,https://www.transfermarkt.com/leicester-city/startseite/verein/1003/saison_id/2020,/kelechi-iheanacho/profil/spieler/295330,Kelechi Iheanacho,Centre-Forward,€15.00m ,"Oct 3, 1996 (24)",Nigeria
184,https://www.transfermarkt.com/leicester-city/startseite/verein/1003/saison_id/2020,/jamie-vardy/profil/spieler/197838,Jamie Vardy,Centre-Forward,€10.00m ,"Jan 11, 1987 (34)",England
185,https://www.transfermarkt.com/fc-everton/startseite/verein/29/saison_id/2020,/jordan-pickford/profil/spieler/130164,Jordan Pickford,Goalkeeper,€22.00m ,"Mar 7, 1994 (27)",England
186,https://www.transfermarkt.com/fc-everton/startseite/verein/29/saison_id/2020,/robin-olsen/profil/spieler/75458,Robin Olsen,Goalkeeper,€4.00m ,"Jan 8, 1990 (31)",Sweden
187,https://www.transfermarkt.com/fc-everton/startseite/verein/29/saison_id/2020,/joao-virginia/profil/spieler/329813,João Virgínia,Goalkeeper,€500Th. ,"Oct 10, 1999 (21)",Portugal
188,https://www.transfermarkt.com/fc-everton/startseite/verein/29/saison_id/2020,/michael-keane/profil/spieler/118534,Michael Keane,Centre-Back,€28.00m ,"Jan 11, 1993 (28)",England
189,https://www.transfermarkt.com/fc-everton/startseite/verein/29/saison_id/2020,/ben-godfrey/profil/spieler/343475,Ben Godfrey,Centre-Back,€25.00m ,"Jan 15, 1998 (23)",England
190,https://www.transfermarkt.com/fc-everton/startseite/verein/29/saison_id/2020,/yerry-mina/profil/spieler/289446,Yerry Mina,Centre-Back,€20.00m ,"Sep 23, 1994 (26)",Colombia
191,https://www.transfermarkt.com/fc-everton/startseite/verein/29/saison_id/2020,/mason-holgate/profil/spieler/348623,Mason Holgate,Centre-Back,€18.00m ,"Oct 22, 1996 (24)",England
192,https://www.transfermarkt.com/fc-everton/startseite/verein/29/saison_id/2020,/lucas-digne/profil/spieler/126664,Lucas Digne,Left-Back,€35.00m ,"Jul 20, 1993 (27)",France
193,https://www.transfermarkt.com/fc-everton/startseite/verein/29/saison_id/2020,/niels-nkounkou/profil/spieler/591193,Niels Nkounkou,Left-Back,€3.00m ,"Nov 1, 2000 (20)",France
194,https://www.transfermarkt.com/fc-everton/startseite/verein/29/saison_id/2020,/seamus-coleman/profil/spieler/68390,Seamus Coleman,Right-Back,€7.00m ,"Oct 11, 1988 (32)",Ireland
195,https://www.transfermarkt.com/fc-everton/startseite/verein/29/saison_id/2020,/jean-philippe-gbamin/profil/spieler/182894,Jean-Philippe Gbamin,Defensive Midfield,€18.00m ,"Sep 25, 1995 (25)",Cote d'Ivoire
196,https://www.transfermarkt.com/fc-everton/startseite/verein/29/saison_id/2020,/abdoulaye-doucoure/profil/spieler/127187,Abdoulaye Doucouré,Central Midfield,€25.00m ,"Jan 1, 1993 (28)",France
197,https://www.transfermarkt.com/fc-everton/startseite/verein/29/saison_id/2020,/allan/profil/spieler/126422,Allan,Central Midfield,€22.00m ,"Jan 8, 1991 (30)",Brazil
198,https://www.transfermarkt.com/fc-everton/startseite/verein/29/saison_id/2020,/andre-gomes/profil/spieler/221025,André Gomes,Central Midfield,€20.00m ,"Jul 30, 1993 (27)",Portugal
199,https://www.transfermarkt.com/fc-everton/startseite/verein/29/saison_id/2020,/tom-davies/profil/spieler/314210,Tom Davies,Central Midfield,€16.00m ,"Jun 30, 1998 (22)",England
200,https://www.transfermarkt.com/fc-everton/startseite/verein/29/saison_id/2020,/fabian-delph/profil/spieler/50362,Fabian Delph,Central Midfield,€5.00m ,"Nov 21, 1989 (31)",England
201,https://www.transfermarkt.com/fc-everton/startseite/verein/29/saison_id/2020,/james-rodriguez/profil/spieler/88103,James Rodríguez,Attacking Midfield,€30.00m ,"Jul 12, 1991 (29)",Colombia
202,https://www.transfermarkt.com/fc-everton/startseite/verein/29/saison_id/2020,/gylfi-sigurdsson/profil/spieler/90466,Gylfi Sigurdsson,Attacking Midfield,€15.00m ,"Sep 8, 1989 (31)",Iceland
203,https://www.transfermarkt.com/fc-everton/startseite/verein/29/saison_id/2020,/richarlison/profil/spieler/378710,Richarlison,Left Winger,€60.00m ,"May 10, 1997 (23)",Brazil
204,https://www.transfermarkt.com/fc-everton/startseite/verein/29/saison_id/2020,/alex-iwobi/profil/spieler/242631,Alex Iwobi,Left Winger,€22.00m ,"May 3, 1996 (24)",Nigeria
205,https://www.transfermarkt.com/fc-everton/startseite/verein/29/saison_id/2020,/bernard/profil/spieler/175169,Bernard,Left Winger,€12.00m ,"Sep 8, 1992 (28)",Brazil
206,https://www.transfermarkt.com/fc-everton/startseite/verein/29/saison_id/2020,/joshua-king/profil/spieler/91059,Joshua King,Second Striker,€10.00m ,"Jan 15, 1992 (29)",Norway
207,https://www.transfermarkt.com/fc-everton/startseite/verein/29/saison_id/2020,/dominic-calvert-lewin/profil/spieler/306024,Dominic Calvert-Lewin,Centre-Forward,€45.00m ,"Mar 16, 1997 (24)",England
208,https://www.transfermarkt.com/wolverhampton-wanderers/startseite/verein/543/saison_id/2020,/rui-patricio/profil/spieler/45026,Rui Patrício,Goalkeeper,€10.00m ,"Feb 15, 1988 (33)",Portugal
209,https://www.transfermarkt.com/wolverhampton-wanderers/startseite/verein/543/saison_id/2020,/john-ruddy/profil/spieler/29712,John Ruddy,Goalkeeper,€1.00m ,"Oct 24, 1986 (34)",England
210,https://www.transfermarkt.com/wolverhampton-wanderers/startseite/verein/543/saison_id/2020,/conor-coady/profil/spieler/128901,Conor Coady,Centre-Back,€22.00m ,"Feb 25, 1993 (28)",England
211,https://www.transfermarkt.com/wolverhampton-wanderers/startseite/verein/543/saison_id/2020,/willy-boly/profil/spieler/142310,Willy Boly,Centre-Back,€14.00m ,"Feb 3, 1991 (30)",Cote d'Ivoire
212,https://www.transfermarkt.com/wolverhampton-wanderers/startseite/verein/543/saison_id/2020,/romain-saiss/profil/spieler/204198,Romain Saïss,Centre-Back,€10.00m ,"Mar 26, 1990 (30)",Morocco
213,https://www.transfermarkt.com/wolverhampton-wanderers/startseite/verein/543/saison_id/2020,/max-kilman/profil/spieler/525247,Max Kilman,Centre-Back,€4.50m ,"May 23, 1997 (23)",England
214,https://www.transfermarkt.com/wolverhampton-wanderers/startseite/verein/543/saison_id/2020,/rayan-ait-nouri/profil/spieler/578391,Rayan Aït Nouri,Left-Back,€20.00m ,"Jun 6, 2001 (19)",France
215,https://www.transfermarkt.com/wolverhampton-wanderers/startseite/verein/543/saison_id/2020,/jonny-otto/profil/spieler/175446,Jonny Otto,Left-Back,€15.00m ,"Mar 3, 1994 (27)",Spain
216,https://www.transfermarkt.com/wolverhampton-wanderers/startseite/verein/543/saison_id/2020,/marcal/profil/spieler/137745,Marçal,Left-Back,€1.80m ,"Feb 19, 1989 (32)",Brazil
217,https://www.transfermarkt.com/wolverhampton-wanderers/startseite/verein/543/saison_id/2020,/nelson-semedo/profil/spieler/231572,Nélson Semedo,Right-Back,€32.00m ,"Nov 16, 1993 (27)",Portugal
218,https://www.transfermarkt.com/wolverhampton-wanderers/startseite/verein/543/saison_id/2020,/ki-jana-hoever/profil/spieler/485583,Ki-Jana Hoever,Right-Back,€7.00m ,"Jan 18, 2002 (19)",Netherlands
219,https://www.transfermarkt.com/wolverhampton-wanderers/startseite/verein/543/saison_id/2020,/ruben-neves/profil/spieler/225161,Rúben Neves,Defensive Midfield,€50.00m ,"Mar 13, 1997 (24)",Portugal
220,https://www.transfermarkt.com/wolverhampton-wanderers/startseite/verein/543/saison_id/2020,/leander-dendoncker/profil/spieler/168157,Leander Dendoncker,Defensive Midfield,€32.00m ,"Apr 15, 1995 (25)",Belgium
221,https://www.transfermarkt.com/wolverhampton-wanderers/startseite/verein/543/saison_id/2020,/owen-otasowie/profil/spieler/511815,Owen Otasowie,Defensive Midfield,€1.50m ,"Jan 6, 2001 (20)",United States
222,https://www.transfermarkt.com/wolverhampton-wanderers/startseite/verein/543/saison_id/2020,/morgan-gibbs-white/profil/spieler/429014,Morgan Gibbs-White,Central Midfield,€6.00m ,"Jan 27, 2000 (21)",England
223,https://www.transfermarkt.com/wolverhampton-wanderers/startseite/verein/543/saison_id/2020,/vitinha/profil/spieler/487469,Vitinha,Central Midfield,€6.00m ,"Feb 13, 2000 (21)",Portugal
224,https://www.transfermarkt.com/wolverhampton-wanderers/startseite/verein/543/saison_id/2020,/joao-moutinho/profil/spieler/29364,João Moutinho,Central Midfield,€4.00m ,"Sep 8, 1986 (34)",Portugal
225,https://www.transfermarkt.com/wolverhampton-wanderers/startseite/verein/543/saison_id/2020,/pedro-neto/profil/spieler/487465,Pedro Neto,Left Winger,€35.00m ,"Mar 9, 2000 (21)",Portugal
226,https://www.transfermarkt.com/wolverhampton-wanderers/startseite/verein/543/saison_id/2020,/adama-traore/profil/spieler/204103,Adama Traoré,Right Winger,€35.00m ,"Jan 25, 1996 (25)",Spain
227,https://www.transfermarkt.com/wolverhampton-wanderers/startseite/verein/543/saison_id/2020,/daniel-podence/profil/spieler/256977,Daniel Podence,Right Winger,€25.00m ,"Oct 21, 1995 (25)",Portugal
228,https://www.transfermarkt.com/wolverhampton-wanderers/startseite/verein/543/saison_id/2020,/raul-jimenez/profil/spieler/206040,Raúl Jiménez,Centre-Forward,€35.00m ,"May 5, 1991 (29)",Mexico
229,https://www.transfermarkt.com/wolverhampton-wanderers/startseite/verein/543/saison_id/2020,/fabio-silva/profil/spieler/505653,Fábio Silva,Centre-Forward,€25.00m ,"Jul 19, 2002 (18)",Portugal
230,https://www.transfermarkt.com/wolverhampton-wanderers/startseite/verein/543/saison_id/2020,/willian-jose/profil/spieler/122155,Willian José,Centre-Forward,€20.00m ,"Nov 23, 1991 (29)",Brazil
231,https://www.transfermarkt.com/wolverhampton-wanderers/startseite/verein/543/saison_id/2020,/renat-dadashov/profil/spieler/335461,Renat Dadashov,Centre-Forward,€300Th. ,"May 17, 1999 (21)",Azerbaijan
232,https://www.transfermarkt.com/aston-villa/startseite/verein/405/saison_id/2020,/emiliano-martinez/profil/spieler/111873,Emiliano Martínez,Goalkeeper,€25.00m ,"Sep 2, 1992 (28)",Argentina
233,https://www.transfermarkt.com/aston-villa/startseite/verein/405/saison_id/2020,/tom-heaton/profil/spieler/34130,Tom Heaton,Goalkeeper,€1.80m ,"Apr 15, 1986 (34)",England
234,https://www.transfermarkt.com/aston-villa/startseite/verein/405/saison_id/2020,/jed-steer/profil/spieler/110867,Jed Steer,Goalkeeper,€800Th. ,"Sep 23, 1992 (28)",England
235,https://www.transfermarkt.com/aston-villa/startseite/verein/405/saison_id/2020,/tyrone-mings/profil/spieler/253677,Tyrone Mings,Centre-Back,€27.00m ,"Mar 13, 1993 (28)",England
236,https://www.transfermarkt.com/aston-villa/startseite/verein/405/saison_id/2020,/ezri-konsa/profil/spieler/413403,Ezri Konsa,Centre-Back,€18.00m ,"Oct 23, 1997 (23)",England
237,https://www.transfermarkt.com/aston-villa/startseite/verein/405/saison_id/2020,/kortney-hause/profil/spieler/233124,Kortney Hause,Centre-Back,€4.50m ,"Jul 16, 1995 (25)",England
238,https://www.transfermarkt.com/aston-villa/startseite/verein/405/saison_id/2020,/bjorn-engels/profil/spieler/193469,Björn Engels,Centre-Back,€4.00m ,"Sep 15, 1994 (26)",Belgium
239,https://www.transfermarkt.com/aston-villa/startseite/verein/405/saison_id/2020,/matt-targett/profil/spieler/250478,Matt Targett,Left-Back,€17.00m ,"Sep 18, 1995 (25)",England
240,https://www.transfermarkt.com/aston-villa/startseite/verein/405/saison_id/2020,/neil-taylor/profil/spieler/67416,Neil Taylor,Left-Back,€1.80m ,"Feb 7, 1989 (32)",Wales
241,https://www.transfermarkt.com/aston-villa/startseite/verein/405/saison_id/2020,/matty-cash/profil/spieler/425334,Matty Cash,Right-Back,€20.00m ,"Aug 7, 1997 (23)",England
242,https://www.transfermarkt.com/aston-villa/startseite/verein/405/saison_id/2020,/ahmed-elmohamady/profil/spieler/66333,Ahmed Elmohamady,Right-Back,€1.80m ,"Sep 9, 1987 (33)",Egypt
243,https://www.transfermarkt.com/aston-villa/startseite/verein/405/saison_id/2020,/douglas-luiz/profil/spieler/447661,Douglas Luiz,Defensive Midfield,€35.00m ,"May 9, 1998 (22)",Brazil
244,https://www.transfermarkt.com/aston-villa/startseite/verein/405/saison_id/2020,/marvelous-nakamba/profil/spieler/324882,Marvelous Nakamba,Defensive Midfield,€8.00m ,"Jan 19, 1994 (27)",Zimbabwe
245,https://www.transfermarkt.com/aston-villa/startseite/verein/405/saison_id/2020,/john-mcginn/profil/spieler/193116,John McGinn,Central Midfield,€28.00m ,"Oct 18, 1994 (26)",Scotland
246,https://www.transfermarkt.com/aston-villa/startseite/verein/405/saison_id/2020,/ross-barkley/profil/spieler/131978,Ross Barkley,Central Midfield,€20.00m ,"Dec 5, 1993 (27)",England
247,https://www.transfermarkt.com/aston-villa/startseite/verein/405/saison_id/2020,/morgan-sanson/profil/spieler/174094,Morgan Sanson,Central Midfield,€18.00m ,"Aug 18, 1994 (26)",France
248,https://www.transfermarkt.com/aston-villa/startseite/verein/405/saison_id/2020,/jacob-ramsey/profil/spieler/503749,Jacob Ramsey,Attacking Midfield,€3.50m ,"May 28, 2001 (19)",England
249,https://www.transfermarkt.com/aston-villa/startseite/verein/405/saison_id/2020,/jack-grealish/profil/spieler/203460,Jack Grealish,Left Winger,€60.00m ,"Sep 10, 1995 (25)",England
250,https://www.transfermarkt.com/aston-villa/startseite/verein/405/saison_id/2020,/trezeguet/profil/spieler/234189,Trezeguet,Left Winger,€10.00m ,"Oct 1, 1994 (26)",Egypt
251,https://www.transfermarkt.com/aston-villa/startseite/verein/405/saison_id/2020,/bertrand-traore/profil/spieler/131996,Bertrand Traoré,Right Winger,€16.00m ,"Sep 6, 1995 (25)",Burkina Faso
252,https://www.transfermarkt.com/aston-villa/startseite/verein/405/saison_id/2020,/anwar-el-ghazi/profil/spieler/183720,Anwar El Ghazi,Right Winger,€10.00m ,"May 3, 1995 (25)",Netherlands
253,https://www.transfermarkt.com/aston-villa/startseite/verein/405/saison_id/2020,/ollie-watkins/profil/spieler/324358,Ollie Watkins,Centre-Forward,€32.00m ,"Dec 30, 1995 (25)",England
254,https://www.transfermarkt.com/aston-villa/startseite/verein/405/saison_id/2020,/wesley/profil/spieler/381362,Wesley,Centre-Forward,€15.00m ,"Nov 24, 1996 (24)",Brazil
255,https://www.transfermarkt.com/aston-villa/startseite/verein/405/saison_id/2020,/keinan-davis/profil/spieler/412660,Keinan Davis,Centre-Forward,€2.50m ,"Feb 13, 1998 (23)",England
256,https://www.transfermarkt.com/west-ham-united/startseite/verein/379/saison_id/2020,/lukasz-fabianski/profil/spieler/29692,Lukasz Fabianski,Goalkeeper,€1.50m ,"Apr 18, 1985 (35)",Poland
257,https://www.transfermarkt.com/west-ham-united/startseite/verein/379/saison_id/2020,/darren-randolph/profil/spieler/51321,Darren Randolph,Goalkeeper,€1.50m ,"May 12, 1987 (33)",Ireland
258,https://www.transfermarkt.com/west-ham-united/startseite/verein/379/saison_id/2020,/david-martin/profil/spieler/15930,David Martin,Goalkeeper,€250Th. ,"Jan 22, 1986 (35)",England
259,https://www.transfermarkt.com/west-ham-united/startseite/verein/379/saison_id/2020,/issa-diop/profil/spieler/272622,Issa Diop,Centre-Back,€18.00m ,"Jan 9, 1997 (24)",France
260,https://www.transfermarkt.com/west-ham-united/startseite/verein/379/saison_id/2020,/fabian-balbuena/profil/spieler/285548,Fabián Balbuena,Centre-Back,€5.00m ,"Aug 23, 1991 (29)",Paraguay
261,https://www.transfermarkt.com/west-ham-united/startseite/verein/379/saison_id/2020,/craig-dawson/profil/spieler/121477,Craig Dawson,Centre-Back,€5.00m ,"May 6, 1990 (30)",England
262,https://www.transfermarkt.com/west-ham-united/startseite/verein/379/saison_id/2020,/angelo-ogbonna/profil/spieler/48002,Angelo Ogbonna,Centre-Back,€3.00m ,"May 23, 1988 (32)",Italy
263,https://www.transfermarkt.com/west-ham-united/startseite/verein/379/saison_id/2020,/frederik-alves/profil/spieler/542690,Frederik Alves,Centre-Back,€1.00m ,"Nov 8, 1999 (21)",Denmark
264,https://www.transfermarkt.com/west-ham-united/startseite/verein/379/saison_id/2020,/arthur-masuaku/profil/spieler/181380,Arthur Masuaku,Left-Back,€7.50m ,"Nov 7, 1993 (27)",DR Congo
265,https://www.transfermarkt.com/west-ham-united/startseite/verein/379/saison_id/2020,/aaron-cresswell/profil/spieler/92571,Aaron Cresswell,Left-Back,€6.00m ,"Dec 15, 1989 (31)",England
266,https://www.transfermarkt.com/west-ham-united/startseite/verein/379/saison_id/2020,/vladimir-coufal/profil/spieler/157672,Vladimir Coufal,Right-Back,€10.00m ,"Aug 22, 1992 (28)",Czech Republic
267,https://www.transfermarkt.com/west-ham-united/startseite/verein/379/saison_id/2020,/ryan-fredericks/profil/spieler/140191,Ryan Fredericks,Right-Back,€3.00m ,"Oct 10, 1992 (28)",England
268,https://www.transfermarkt.com/west-ham-united/startseite/verein/379/saison_id/2020,/ben-johnson/profil/spieler/468002,Ben Johnson,Right-Back,€3.00m ,"Jan 24, 2000 (21)",England
269,https://www.transfermarkt.com/west-ham-united/startseite/verein/379/saison_id/2020,/declan-rice/profil/spieler/357662,Declan Rice,Defensive Midfield,€60.00m ,"Jan 14, 1999 (22)",England
270,https://www.transfermarkt.com/west-ham-united/startseite/verein/379/saison_id/2020,/tomas-soucek/profil/spieler/283628,Tomas Soucek,Defensive Midfield,€40.00m ,"Feb 27, 1995 (26)",Czech Republic
271,https://www.transfermarkt.com/west-ham-united/startseite/verein/379/saison_id/2020,/mark-noble/profil/spieler/31835,Mark Noble,Central Midfield,€3.00m ,"May 8, 1987 (33)",England
272,https://www.transfermarkt.com/west-ham-united/startseite/verein/379/saison_id/2020,/pablo-fornals/profil/spieler/357885,Pablo Fornals,Attacking Midfield,€18.00m ,"Feb 22, 1996 (25)",Spain
273,https://www.transfermarkt.com/west-ham-united/startseite/verein/379/saison_id/2020,/manuel-lanzini/profil/spieler/135853,Manuel Lanzini,Attacking Midfield,€10.00m ,"Feb 15, 1993 (28)",Argentina
274,https://www.transfermarkt.com/west-ham-united/startseite/verein/379/saison_id/2020,/said-benrahma/profil/spieler/290532,Saïd Benrahma,Left Winger,€22.00m ,"Aug 10, 1995 (25)",Algeria
275,https://www.transfermarkt.com/west-ham-united/startseite/verein/379/saison_id/2020,/jesse-lingard/profil/spieler/141660,Jesse Lingard,Left Winger,€15.00m ,"Dec 15, 1992 (28)",England
276,https://www.transfermarkt.com/west-ham-united/startseite/verein/379/saison_id/2020,/jarrod-bowen/profil/spieler/314875,Jarrod Bowen,Right Winger,€30.00m ,"Dec 20, 1996 (24)",England
277,https://www.transfermarkt.com/west-ham-united/startseite/verein/379/saison_id/2020,/andriy-yarmolenko/profil/spieler/69015,Andriy Yarmolenko,Right Winger,€5.00m ,"Oct 23, 1989 (31)",Ukraine
278,https://www.transfermarkt.com/west-ham-united/startseite/verein/379/saison_id/2020,/michail-antonio/profil/spieler/104124,Michail Antonio,Centre-Forward,€12.00m ,"Mar 28, 1990 (30)",Jamaica
279,https://www.transfermarkt.com/newcastle-united/startseite/verein/762/saison_id/2020,/martin-dubravka/profil/spieler/74960,Martin Dubravka,Goalkeeper,€6.00m ,"Jan 15, 1989 (32)",Slovakia
280,https://www.transfermarkt.com/newcastle-united/startseite/verein/762/saison_id/2020,/karl-darlow/profil/spieler/99397,Karl Darlow,Goalkeeper,€3.00m ,"Oct 8, 1990 (30)",England
281,https://www.transfermarkt.com/newcastle-united/startseite/verein/762/saison_id/2020,/mark-gillespie/profil/spieler/142389,Mark Gillespie,Goalkeeper,€400Th. ,"Mar 27, 1992 (28)",England
282,https://www.transfermarkt.com/newcastle-united/startseite/verein/762/saison_id/2020,/jamaal-lascelles/profil/spieler/183318,Jamaal Lascelles,Centre-Back,€13.00m ,"Nov 11, 1993 (27)",England
283,https://www.transfermarkt.com/newcastle-united/startseite/verein/762/saison_id/2020,/fabian-schar/profil/spieler/135343,Fabian Schär,Centre-Back,€12.00m ,"Dec 20, 1991 (29)",Switzerland
284,https://www.transfermarkt.com/newcastle-united/startseite/verein/762/saison_id/2020,/ciaran-clark/profil/spieler/98240,Ciaran Clark,Centre-Back,€4.00m ,"Sep 26, 1989 (31)",Ireland
285,https://www.transfermarkt.com/newcastle-united/startseite/verein/762/saison_id/2020,/federico-fernandez/profil/spieler/85475,Federico Fernández,Centre-Back,€3.00m ,"Feb 21, 1989 (32)",Argentina
286,https://www.transfermarkt.com/newcastle-united/startseite/verein/762/saison_id/2020,/jamal-lewis/profil/spieler/346018,Jamal Lewis,Left-Back,€17.00m ,"Jan 25, 1998 (23)",Northern Ireland
287,https://www.transfermarkt.com/newcastle-united/startseite/verein/762/saison_id/2020,/paul-dummett/profil/spieler/170321,Paul Dummett,Left-Back,€4.00m ,"Sep 26, 1991 (29)",Wales
288,https://www.transfermarkt.com/newcastle-united/startseite/verein/762/saison_id/2020,/matt-ritchie/profil/spieler/92469,Matt Ritchie,Left-Back,€4.00m ,"Sep 10, 1989 (31)",Scotland
289,https://www.transfermarkt.com/newcastle-united/startseite/verein/762/saison_id/2020,/emil-krafth/profil/spieler/184528,Emil Krafth,Right-Back,€4.00m ,"Aug 2, 1994 (26)",Sweden
290,https://www.transfermarkt.com/newcastle-united/startseite/verein/762/saison_id/2020,/javier-manquillo/profil/spieler/162029,Javier Manquillo,Right-Back,€3.00m ,"May 5, 1994 (26)",Spain
291,https://www.transfermarkt.com/newcastle-united/startseite/verein/762/saison_id/2020,/isaac-hayden/profil/spieler/206225,Isaac Hayden,Defensive Midfield,€10.00m ,"Mar 22, 1995 (25)",England
292,https://www.transfermarkt.com/newcastle-united/startseite/verein/762/saison_id/2020,/joe-willock/profil/spieler/340329,Joe Willock,Central Midfield,€16.00m ,"Aug 20, 1999 (21)",England
293,https://www.transfermarkt.com/newcastle-united/startseite/verein/762/saison_id/2020,/sean-longstaff/profil/spieler/346707,Sean Longstaff,Central Midfield,€15.00m ,"Oct 30, 1997 (23)",England
294,https://www.transfermarkt.com/newcastle-united/startseite/verein/762/saison_id/2020,/jonjo-shelvey/profil/spieler/71292,Jonjo Shelvey,Central Midfield,€13.00m ,"Feb 27, 1992 (29)",England
295,https://www.transfermarkt.com/newcastle-united/startseite/verein/762/saison_id/2020,/jeff-hendrick/profil/spieler/148262,Jeff Hendrick,Central Midfield,€9.00m ,"Jan 31, 1992 (29)",Ireland
296,https://www.transfermarkt.com/newcastle-united/startseite/verein/762/saison_id/2020,/matthew-longstaff/profil/spieler/484387,Matthew Longstaff,Central Midfield,€5.00m ,"Mar 21, 2000 (20)",England
297,https://www.transfermarkt.com/newcastle-united/startseite/verein/762/saison_id/2020,/miguel-almiron/profil/spieler/272999,Miguel Almirón,Attacking Midfield,€16.00m ,"Feb 10, 1994 (27)",Paraguay
298,https://www.transfermarkt.com/newcastle-united/startseite/verein/762/saison_id/2020,/henri-saivet/profil/spieler/51540,Henri Saivet,Attacking Midfield,€800Th. ,"Oct 26, 1990 (30)",Senegal
299,https://www.transfermarkt.com/newcastle-united/startseite/verein/762/saison_id/2020,/allan-saint-maximin/profil/spieler/272642,Allan Saint-Maximin,Left Winger,€28.00m ,"Mar 12, 1997 (24)",France
300,https://www.transfermarkt.com/newcastle-united/startseite/verein/762/saison_id/2020,/ryan-fraser/profil/spieler/146795,Ryan Fraser,Left Winger,€12.00m ,"Feb 24, 1994 (27)",Scotland
301,https://www.transfermarkt.com/newcastle-united/startseite/verein/762/saison_id/2020,/christian-atsu/profil/spieler/186997,Christian Atsu,Left Winger,€2.00m ,"Jan 10, 1992 (29)",Ghana
302,https://www.transfermarkt.com/newcastle-united/startseite/verein/762/saison_id/2020,/jacob-murphy/profil/spieler/199527,Jacob Murphy,Right Winger,€3.50m ,"Feb 24, 1995 (26)",England
303,https://www.transfermarkt.com/newcastle-united/startseite/verein/762/saison_id/2020,/callum-wilson/profil/spieler/123682,Callum Wilson,Centre-Forward,€25.00m ,"Feb 27, 1992 (29)",England
304,https://www.transfermarkt.com/newcastle-united/startseite/verein/762/saison_id/2020,/joelinton/profil/spieler/333241,Joelinton,Centre-Forward,€17.00m ,"Aug 14, 1996 (24)",Brazil
305,https://www.transfermarkt.com/newcastle-united/startseite/verein/762/saison_id/2020,/dwight-gayle/profil/spieler/196522,Dwight Gayle,Centre-Forward,€5.00m ,"Oct 17, 1989 (31)",England
306,https://www.transfermarkt.com/newcastle-united/startseite/verein/762/saison_id/2020,/andy-carroll/profil/spieler/48066,Andy Carroll,Centre-Forward,€2.00m ,"Jan 6, 1989 (32)",England
307,https://www.transfermarkt.com/fc-southampton/startseite/verein/180/saison_id/2020,/alex-mccarthy/profil/spieler/95976,Alex McCarthy,Goalkeeper,€6.00m ,"Dec 3, 1989 (31)",England
308,https://www.transfermarkt.com/fc-southampton/startseite/verein/180/saison_id/2020,/fraser-forster/profil/spieler/52570,Fraser Forster,Goalkeeper,€4.00m ,"Mar 17, 1988 (33)",England
309,https://www.transfermarkt.com/fc-southampton/startseite/verein/180/saison_id/2020,/harry-lewis/profil/spieler/341043,Harry Lewis,Goalkeeper,€200Th. ,"Dec 20, 1997 (23)",England
310,https://www.transfermarkt.com/fc-southampton/startseite/verein/180/saison_id/2020,/jan-bednarek/profil/spieler/243028,Jan Bednarek,Centre-Back,€25.00m ,"Apr 12, 1996 (24)",Poland
311,https://www.transfermarkt.com/fc-southampton/startseite/verein/180/saison_id/2020,/jannik-vestergaard/profil/spieler/99331,Jannik Vestergaard,Centre-Back,€18.00m ,"Aug 3, 1992 (28)",Denmark
312,https://www.transfermarkt.com/fc-southampton/startseite/verein/180/saison_id/2020,/mohammed-salisu/profil/spieler/563963,Mohammed Salisu,Centre-Back,€10.00m ,"Apr 17, 1999 (21)",Ghana
313,https://www.transfermarkt.com/fc-southampton/startseite/verein/180/saison_id/2020,/jack-stephens/profil/spieler/163744,Jack Stephens,Centre-Back,€4.50m ,"Jan 27, 1994 (27)",England
314,https://www.transfermarkt.com/fc-southampton/startseite/verein/180/saison_id/2020,/ryan-bertrand/profil/spieler/40611,Ryan Bertrand,Left-Back,€10.00m ,"Aug 5, 1989 (31)",England
315,https://www.transfermarkt.com/fc-southampton/startseite/verein/180/saison_id/2020,/sam-mcqueen/profil/spieler/226968,Sam McQueen,Left-Back,€800Th. ,"Feb 6, 1995 (26)",England
316,https://www.transfermarkt.com/fc-southampton/startseite/verein/180/saison_id/2020,/kyle-walker-peters/profil/spieler/341051,Kyle Walker-Peters,Right-Back,€18.00m ,"Apr 13, 1997 (23)",England
317,https://www.transfermarkt.com/fc-southampton/startseite/verein/180/saison_id/2020,/ibrahima-diallo/profil/spieler/413032,Ibrahima Diallo,Defensive Midfield,€15.00m ,"Mar 8, 1999 (22)",France
318,https://www.transfermarkt.com/fc-southampton/startseite/verein/180/saison_id/2020,/oriol-romeu/profil/spieler/66100,Oriol Romeu,Defensive Midfield,€7.00m ,"Sep 24, 1991 (29)",Spain
319,https://www.transfermarkt.com/fc-southampton/startseite/verein/180/saison_id/2020,/james-ward-prowse/profil/spieler/181579,James Ward-Prowse,Central Midfield,€28.00m ,"Nov 1, 1994 (26)",England
320,https://www.transfermarkt.com/fc-southampton/startseite/verein/180/saison_id/2020,/stuart-armstrong/profil/spieler/130765,Stuart Armstrong,Central Midfield,€6.50m ,"Mar 30, 1992 (28)",Scotland
321,https://www.transfermarkt.com/fc-southampton/startseite/verein/180/saison_id/2020,/will-smallbone/profil/spieler/444211,Will Smallbone,Central Midfield,€2.50m ,"Feb 21, 2000 (21)",Ireland
322,https://www.transfermarkt.com/fc-southampton/startseite/verein/180/saison_id/2020,/nathan-redmond/profil/spieler/129078,Nathan Redmond,Left Winger,€18.00m ,"Mar 6, 1994 (27)",England
323,https://www.transfermarkt.com/fc-southampton/startseite/verein/180/saison_id/2020,/moussa-djenepo/profil/spieler/485424,Moussa Djenepo,Left Winger,€13.00m ,"Jun 15, 1998 (22)",Mali
324,https://www.transfermarkt.com/fc-southampton/startseite/verein/180/saison_id/2020,/takumi-minamino/profil/spieler/165793,Takumi Minamino,Left Winger,€12.00m ,"Jan 16, 1995 (26)",Japan
325,https://www.transfermarkt.com/fc-southampton/startseite/verein/180/saison_id/2020,/theo-walcott/profil/spieler/33713,Theo Walcott,Right Winger,€6.00m ,"Mar 16, 1989 (32)",England
326,https://www.transfermarkt.com/fc-southampton/startseite/verein/180/saison_id/2020,/nathan-tella/profil/spieler/340322,Nathan Tella,Right Winger,€1.50m ,"Jul 5, 1999 (21)",England
327,https://www.transfermarkt.com/fc-southampton/startseite/verein/180/saison_id/2020,/danny-ings/profil/spieler/134294,Danny Ings,Centre-Forward,€22.00m ,"Jul 23, 1992 (28)",England
328,https://www.transfermarkt.com/fc-southampton/startseite/verein/180/saison_id/2020,/che-adams/profil/spieler/346779,Che Adams,Centre-Forward,€18.00m ,"Jul 13, 1996 (24)",Scotland
329,https://www.transfermarkt.com/fc-southampton/startseite/verein/180/saison_id/2020,/michael-obafemi/profil/spieler/444208,Michael Obafemi,Centre-Forward,€3.50m ,"Jul 6, 2000 (20)",Ireland
330,https://www.transfermarkt.com/fc-southampton/startseite/verein/180/saison_id/2020,/dan-nlundulu/profil/spieler/346482,Dan N'Lundulu,Centre-Forward,€1.00m ,"Feb 5, 1999 (22)",England
331,https://www.transfermarkt.com/brighton-amp-hove-albion/startseite/verein/1237/saison_id/2020,/robert-sanchez/profil/spieler/403151,Robert Sánchez,Goalkeeper,€5.00m ,"Nov 18, 1997 (23)",Spain
332,https://www.transfermarkt.com/brighton-amp-hove-albion/startseite/verein/1237/saison_id/2020,/jason-steele/profil/spieler/73564,Jason Steele,Goalkeeper,€800Th. ,"Aug 18, 1990 (30)",England
333,https://www.transfermarkt.com/brighton-amp-hove-albion/startseite/verein/1237/saison_id/2020,/christian-walton/profil/spieler/208379,Christian Walton,Goalkeeper,€800Th. ,"Nov 9, 1995 (25)",England
334,https://www.transfermarkt.com/brighton-amp-hove-albion/startseite/verein/1237/saison_id/2020,/ben-white/profil/spieler/335721,Ben White,Centre-Back,€25.00m ,"Oct 8, 1997 (23)",England
335,https://www.transfermarkt.com/brighton-amp-hove-albion/startseite/verein/1237/saison_id/2020,/lewis-dunk/profil/spieler/148153,Lewis Dunk,Centre-Back,€25.00m ,"Nov 21, 1991 (29)",England
336,https://www.transfermarkt.com/brighton-amp-hove-albion/startseite/verein/1237/saison_id/2020,/adam-webster/profil/spieler/212847,Adam Webster,Centre-Back,€15.00m ,"Jan 4, 1995 (26)",England
337,https://www.transfermarkt.com/brighton-amp-hove-albion/startseite/verein/1237/saison_id/2020,/dan-burn/profil/spieler/134270,Dan Burn,Centre-Back,€5.00m ,"May 9, 1992 (28)",England
338,https://www.transfermarkt.com/brighton-amp-hove-albion/startseite/verein/1237/saison_id/2020,/joel-veltman/profil/spieler/111195,Joël Veltman,Centre-Back,€5.00m ,"Jan 15, 1992 (29)",Netherlands
339,https://www.transfermarkt.com/brighton-amp-hove-albion/startseite/verein/1237/saison_id/2020,/michal-karbownik/profil/spieler/401604,Michal Karbownik,Left-Back,€6.00m ,"Mar 13, 2001 (20)",Poland
340,https://www.transfermarkt.com/brighton-amp-hove-albion/startseite/verein/1237/saison_id/2020,/tariq-lamptey/profil/spieler/504148,Tariq Lamptey,Right-Back,€18.00m ,"Sep 30, 2000 (20)",England
341,https://www.transfermarkt.com/brighton-amp-hove-albion/startseite/verein/1237/saison_id/2020,/yves-bissouma/profil/spieler/410425,Yves Bissouma,Central Midfield,€17.00m ,"Aug 30, 1996 (24)",Mali
342,https://www.transfermarkt.com/brighton-amp-hove-albion/startseite/verein/1237/saison_id/2020,/jakub-moder/profil/spieler/384461,Jakub Moder,Central Midfield,€10.00m ,"Apr 7, 1999 (21)",Poland
343,https://www.transfermarkt.com/brighton-amp-hove-albion/startseite/verein/1237/saison_id/2020,/davy-propper/profil/spieler/79027,Davy Pröpper,Central Midfield,€8.00m ,"Sep 2, 1991 (29)",Netherlands
344,https://www.transfermarkt.com/brighton-amp-hove-albion/startseite/verein/1237/saison_id/2020,/pascal-gross/profil/spieler/82873,Pascal Groß,Central Midfield,€7.00m ,"Jun 15, 1991 (29)",Germany
345,https://www.transfermarkt.com/brighton-amp-hove-albion/startseite/verein/1237/saison_id/2020,/steven-alzate/profil/spieler/476237,Steven Alzate,Central Midfield,€7.00m ,"Sep 8, 1998 (22)",Colombia
346,https://www.transfermarkt.com/brighton-amp-hove-albion/startseite/verein/1237/saison_id/2020,/moises-caicedo/profil/spieler/687626,Moisés Caicedo,Central Midfield,€5.00m ,"Nov 2, 2001 (19)",Ecuador
347,https://www.transfermarkt.com/brighton-amp-hove-albion/startseite/verein/1237/saison_id/2020,/solly-march/profil/spieler/209212,Solly March,Left Midfield,€9.00m ,"Jul 20, 1994 (26)",England
348,https://www.transfermarkt.com/brighton-amp-hove-albion/startseite/verein/1237/saison_id/2020,/alexis-mac-allister/profil/spieler/534033,Alexis Mac Allister,Attacking Midfield,€10.00m ,"Dec 24, 1998 (22)",Argentina
349,https://www.transfermarkt.com/brighton-amp-hove-albion/startseite/verein/1237/saison_id/2020,/adam-lallana/profil/spieler/43530,Adam Lallana,Attacking Midfield,€6.00m ,"May 10, 1988 (32)",England
350,https://www.transfermarkt.com/brighton-amp-hove-albion/startseite/verein/1237/saison_id/2020,/percy-tau/profil/spieler/312239,Percy Tau,Attacking Midfield,€3.50m ,"May 13, 1994 (26)",South Africa
351,https://www.transfermarkt.com/brighton-amp-hove-albion/startseite/verein/1237/saison_id/2020,/leandro-trossard/profil/spieler/144028,Leandro Trossard,Left Winger,€15.00m ,"Dec 4, 1994 (26)",Belgium
352,https://www.transfermarkt.com/brighton-amp-hove-albion/startseite/verein/1237/saison_id/2020,/jose-izquierdo/profil/spieler/147094,José Izquierdo,Left Winger,€5.00m ,"Jul 7, 1992 (28)",Colombia
353,https://www.transfermarkt.com/brighton-amp-hove-albion/startseite/verein/1237/saison_id/2020,/alireza-jahanbakhsh/profil/spieler/213268,Alireza Jahanbakhsh,Right Winger,€5.00m ,"Aug 11, 1993 (27)",Iran
354,https://www.transfermarkt.com/brighton-amp-hove-albion/startseite/verein/1237/saison_id/2020,/neal-maupay/profil/spieler/217115,Neal Maupay,Centre-Forward,€20.00m ,"Aug 14, 1996 (24)",France
355,https://www.transfermarkt.com/brighton-amp-hove-albion/startseite/verein/1237/saison_id/2020,/aaron-connolly/profil/spieler/434207,Aaron Connolly,Centre-Forward,€7.00m ,"Jan 28, 2000 (21)",Ireland
356,https://www.transfermarkt.com/brighton-amp-hove-albion/startseite/verein/1237/saison_id/2020,/danny-welbeck/profil/spieler/67063,Danny Welbeck,Centre-Forward,€5.00m ,"Nov 26, 1990 (30)",England
357,https://www.transfermarkt.com/brighton-amp-hove-albion/startseite/verein/1237/saison_id/2020,/florin-andone/profil/spieler/177065,Florin Andone,Centre-Forward,€2.00m ,"Apr 11, 1993 (27)",Romania
358,https://www.transfermarkt.com/brighton-amp-hove-albion/startseite/verein/1237/saison_id/2020,/andi-zeqiri/profil/spieler/345468,Andi Zeqiri,Centre-Forward,€1.50m ,"Jun 22, 1999 (21)",Switzerland
359,https://www.transfermarkt.com/fc-fulham/startseite/verein/931/saison_id/2020,/alphonse-areola/profil/spieler/120629,Alphonse Areola,Goalkeeper,€15.00m ,"Feb 27, 1993 (28)",France
360,https://www.transfermarkt.com/fc-fulham/startseite/verein/931/saison_id/2020,/marek-rodak/profil/spieler/186901,Marek Rodak,Goalkeeper,€6.00m ,"Dec 13, 1996 (24)",Slovakia
361,https://www.transfermarkt.com/fc-fulham/startseite/verein/931/saison_id/2020,/fabri/profil/spieler/45882,Fabri,Goalkeeper,€800Th. ,"Dec 31, 1987 (33)",Spain
362,https://www.transfermarkt.com/fc-fulham/startseite/verein/931/saison_id/2020,/joachim-andersen/profil/spieler/260827,Joachim Andersen,Centre-Back,€15.00m ,"May 31, 1996 (24)",Denmark
363,https://www.transfermarkt.com/fc-fulham/startseite/verein/931/saison_id/2020,/tosin-adarabioyo/profil/spieler/258878,Tosin Adarabioyo,Centre-Back,€10.00m ,"Sep 24, 1997 (23)",England
364,https://www.transfermarkt.com/fc-fulham/startseite/verein/931/saison_id/2020,/alfie-mawson/profil/spieler/287431,Alfie Mawson,Centre-Back,€6.00m ,"Jan 19, 1994 (27)",England
365,https://www.transfermarkt.com/fc-fulham/startseite/verein/931/saison_id/2020,/michael-hector/profil/spieler/157490,Michael Hector,Centre-Back,€4.00m ,"Jul 19, 1992 (28)",Jamaica
366,https://www.transfermarkt.com/fc-fulham/startseite/verein/931/saison_id/2020,/terence-kongolo/profil/spieler/152651,Terence Kongolo,Centre-Back,€4.00m ,"Feb 14, 1994 (27)",Netherlands
367,https://www.transfermarkt.com/fc-fulham/startseite/verein/931/saison_id/2020,/tim-ream/profil/spieler/145466,Tim Ream,Centre-Back,€800Th. ,"Oct 5, 1987 (33)",United States
368,https://www.transfermarkt.com/fc-fulham/startseite/verein/931/saison_id/2020,/antonee-robinson/profil/spieler/349701,Antonee Robinson,Left-Back,€7.00m ,"Aug 8, 1997 (23)",United States
369,https://www.transfermarkt.com/fc-fulham/startseite/verein/931/saison_id/2020,/joe-bryan/profil/spieler/194460,Joe Bryan,Left-Back,€5.00m ,"Sep 17, 1993 (27)",England
370,https://www.transfermarkt.com/fc-fulham/startseite/verein/931/saison_id/2020,/ola-aina/profil/spieler/236490,Ola Aina,Right-Back,€7.00m ,"Oct 8, 1996 (24)",Nigeria
371,https://www.transfermarkt.com/fc-fulham/startseite/verein/931/saison_id/2020,/kenny-tete/profil/spieler/206746,Kenny Tete,Right-Back,€5.00m ,"Oct 9, 1995 (25)",Netherlands
372,https://www.transfermarkt.com/fc-fulham/startseite/verein/931/saison_id/2020,/denis-odoi/profil/spieler/59641,Denis Odoi,Right-Back,€1.00m ,"May 27, 1988 (32)",Belgium
373,https://www.transfermarkt.com/fc-fulham/startseite/verein/931/saison_id/2020,/andre-zambo-anguissa/profil/spieler/354361,André Zambo Anguissa,Defensive Midfield,€25.00m ,"Nov 16, 1995 (25)",Cameroon
374,https://www.transfermarkt.com/fc-fulham/startseite/verein/931/saison_id/2020,/mario-lemina/profil/spieler/170934,Mario Lemina,Defensive Midfield,€10.00m ,"Sep 1, 1993 (27)",Gabon
375,https://www.transfermarkt.com/fc-fulham/startseite/verein/931/saison_id/2020,/kevin-mcdonald/profil/spieler/36529,Kevin McDonald,Defensive Midfield,€1.50m ,"Nov 4, 1988 (32)",Scotland
376,https://www.transfermarkt.com/fc-fulham/startseite/verein/931/saison_id/2020,/ruben-loftus-cheek/profil/spieler/202886,Ruben Loftus-Cheek,Central Midfield,€20.00m ,"Jan 23, 1996 (25)",England
377,https://www.transfermarkt.com/fc-fulham/startseite/verein/931/saison_id/2020,/harrison-reed/profil/spieler/226973,Harrison Reed,Central Midfield,€10.00m ,"Jan 27, 1995 (26)",England
378,https://www.transfermarkt.com/fc-fulham/startseite/verein/931/saison_id/2020,/tom-cairney/profil/spieler/123275,Tom Cairney,Central Midfield,€9.00m ,"Jan 20, 1991 (30)",Scotland
379,https://www.transfermarkt.com/fc-fulham/startseite/verein/931/saison_id/2020,/bobby-reid/profil/spieler/186186,Bobby Reid,Attacking Midfield,€10.00m ,"Feb 2, 1993 (28)",Jamaica
380,https://www.transfermarkt.com/fc-fulham/startseite/verein/931/saison_id/2020,/josh-onomah/profil/spieler/243589,Josh Onomah,Attacking Midfield,€6.00m ,"Apr 27, 1997 (23)",England
381,https://www.transfermarkt.com/fc-fulham/startseite/verein/931/saison_id/2020,/ademola-lookman/profil/spieler/406040,Ademola Lookman,Left Winger,€13.00m ,"Oct 20, 1997 (23)",England
382,https://www.transfermarkt.com/fc-fulham/startseite/verein/931/saison_id/2020,/ivan-cavaleiro/profil/spieler/149716,Ivan Cavaleiro,Right Winger,€8.00m ,"Oct 18, 1993 (27)",Portugal
383,https://www.transfermarkt.com/fc-fulham/startseite/verein/931/saison_id/2020,/aleksandar-mitrovic/profil/spieler/51152,Aleksandar Mitrovic,Centre-Forward,€18.00m ,"Sep 16, 1994 (26)",Serbia
384,https://www.transfermarkt.com/fc-fulham/startseite/verein/931/saison_id/2020,/josh-maja/profil/spieler/453824,Josh Maja,Centre-Forward,€6.00m ,"Dec 27, 1998 (22)",Nigeria
385,https://www.transfermarkt.com/leeds-united/startseite/verein/399/saison_id/2020,/illan-meslier/profil/spieler/542586,Illan Meslier,Goalkeeper,€17.00m ,"Mar 2, 2000 (21)",France
386,https://www.transfermarkt.com/leeds-united/startseite/verein/399/saison_id/2020,/kiko-casilla/profil/spieler/27486,Kiko Casilla,Goalkeeper,€1.00m ,"Oct 2, 1986 (34)",Spain
387,https://www.transfermarkt.com/leeds-united/startseite/verein/399/saison_id/2020,/elia-caprile/profil/spieler/421873,Elia Caprile,Goalkeeper,€100Th. ,"Aug 25, 2001 (19)",Italy
388,https://www.transfermarkt.com/leeds-united/startseite/verein/399/saison_id/2020,/diego-llorente/profil/spieler/246291,Diego Llorente,Centre-Back,€20.00m ,"Aug 16, 1993 (27)",Spain
389,https://www.transfermarkt.com/leeds-united/startseite/verein/399/saison_id/2020,/robin-koch/profil/spieler/328784,Robin Koch,Centre-Back,€17.00m ,"Jul 17, 1996 (24)",Germany
390,https://www.transfermarkt.com/leeds-united/startseite/verein/399/saison_id/2020,/liam-cooper/profil/spieler/75067,Liam Cooper,Centre-Back,€7.00m ,"Aug 30, 1991 (29)",Scotland
391,https://www.transfermarkt.com/leeds-united/startseite/verein/399/saison_id/2020,/pascal-struijk/profil/spieler/410708,Pascal Struijk,Centre-Back,€7.00m ,"Aug 11, 1999 (21)",Netherlands
392,https://www.transfermarkt.com/leeds-united/startseite/verein/399/saison_id/2020,/oliver-casey/profil/spieler/559800,Oliver Casey,Centre-Back,€250Th. ,"Dec 19, 2000 (20)",England
393,https://www.transfermarkt.com/leeds-united/startseite/verein/399/saison_id/2020,/ezgjan-alioski/profil/spieler/129604,Ezgjan Alioski,Left-Back,€4.00m ,"Feb 12, 1992 (29)",North Macedonia
394,https://www.transfermarkt.com/leeds-united/startseite/verein/399/saison_id/2020,/leif-davis/profil/spieler/596446,Leif Davis,Left-Back,€500Th. ,"Dec 31, 1999 (21)",England
395,https://www.transfermarkt.com/leeds-united/startseite/verein/399/saison_id/2020,/luke-ayling/profil/spieler/67420,Luke Ayling,Right-Back,€5.00m ,"Aug 25, 1991 (29)",England
396,https://www.transfermarkt.com/leeds-united/startseite/verein/399/saison_id/2020,/stuart-dallas/profil/spieler/158764,Stuart Dallas,Right-Back,€3.00m ,"Apr 19, 1991 (29)",Northern Ireland
397,https://www.transfermarkt.com/leeds-united/startseite/verein/399/saison_id/2020,/gaetano-berardi/profil/spieler/43084,Gaetano Berardi,Right-Back,€300Th. ,"Aug 21, 1988 (32)",Switzerland
398,https://www.transfermarkt.com/leeds-united/startseite/verein/399/saison_id/2020,/kalvin-phillips/profil/spieler/351749,Kalvin Phillips,Defensive Midfield,€27.00m ,"Dec 2, 1995 (25)",England
399,https://www.transfermarkt.com/leeds-united/startseite/verein/399/saison_id/2020,/ouasim-bouy/profil/spieler/126412,Ouasim Bouy,Defensive Midfield,€300Th. ,"Jun 11, 1993 (27)",Morocco
400,https://www.transfermarkt.com/leeds-united/startseite/verein/399/saison_id/2020,/mateusz-klich/profil/spieler/92738,Mateusz Klich,Central Midfield,€3.50m ,"Jun 13, 1990 (30)",Poland
401,https://www.transfermarkt.com/leeds-united/startseite/verein/399/saison_id/2020,/adam-forshaw/profil/spieler/121257,Adam Forshaw,Central Midfield,€2.50m ,"Oct 8, 1991 (29)",England
402,https://www.transfermarkt.com/leeds-united/startseite/verein/399/saison_id/2020,/jamie-shackleton/profil/spieler/534700,Jamie Shackleton,Central Midfield,€2.50m ,"Oct 8, 1999 (21)",England
403,https://www.transfermarkt.com/leeds-united/startseite/verein/399/saison_id/2020,/pablo-hernandez/profil/spieler/46220,Pablo Hernández,Attacking Midfield,€900Th. ,"Apr 11, 1985 (35)",Spain
404,https://www.transfermarkt.com/leeds-united/startseite/verein/399/saison_id/2020,/jack-harrison/profil/spieler/417346,Jack Harrison,Left Winger,€15.00m ,"Nov 20, 1996 (24)",England
405,https://www.transfermarkt.com/leeds-united/startseite/verein/399/saison_id/2020,/raphinha/profil/spieler/411295,Raphinha,Right Winger,€25.00m ,"Dec 14, 1996 (24)",Brazil
406,https://www.transfermarkt.com/leeds-united/startseite/verein/399/saison_id/2020,/helder-costa/profil/spieler/173900,Hélder Costa,Right Winger,€10.00m ,"Jan 12, 1994 (27)",Portugal
407,https://www.transfermarkt.com/leeds-united/startseite/verein/399/saison_id/2020,/ian-poveda/profil/spieler/392763,Ian Poveda,Right Winger,€1.50m ,"Feb 9, 2000 (21)",England
408,https://www.transfermarkt.com/leeds-united/startseite/verein/399/saison_id/2020,/tyler-roberts/profil/spieler/296986,Tyler Roberts,Second Striker,€5.00m ,"Jan 12, 1999 (22)",Wales
409,https://www.transfermarkt.com/leeds-united/startseite/verein/399/saison_id/2020,/rodrigo/profil/spieler/131505,Rodrigo,Centre-Forward,€20.00m ,"Mar 6, 1991 (30)",Spain
410,https://www.transfermarkt.com/leeds-united/startseite/verein/399/saison_id/2020,/patrick-bamford/profil/spieler/183334,Patrick Bamford,Centre-Forward,€18.00m ,"Sep 5, 1993 (27)",England
411,https://www.transfermarkt.com/leeds-united/startseite/verein/399/saison_id/2020,/joe-gelhardt/profil/spieler/503980,Joe Gelhardt,Centre-Forward,€1.30m ,"May 4, 2002 (18)",England
412,https://www.transfermarkt.com/crystal-palace/startseite/verein/873/saison_id/2020,/jack-butland/profil/spieler/128899,Jack Butland,Goalkeeper,€3.00m ,"Mar 10, 1993 (28)",England
413,https://www.transfermarkt.com/crystal-palace/startseite/verein/873/saison_id/2020,/vicente-guaita/profil/spieler/64399,Vicente Guaita,Goalkeeper,€3.00m ,"Jan 10, 1987 (34)",Spain
414,https://www.transfermarkt.com/crystal-palace/startseite/verein/873/saison_id/2020,/wayne-hennessey/profil/spieler/45494,Wayne Hennessey,Goalkeeper,€2.00m ,"Jan 24, 1987 (34)",Wales
415,https://www.transfermarkt.com/crystal-palace/startseite/verein/873/saison_id/2020,/stephen-henderson/profil/spieler/52191,Stephen Henderson,Goalkeeper,€400Th. ,"May 2, 1988 (32)",Ireland
416,https://www.transfermarkt.com/crystal-palace/startseite/verein/873/saison_id/2020,/cheikhou-kouyate/profil/spieler/66934,Cheikhou Kouyaté,Centre-Back,€8.00m ,"Dec 21, 1989 (31)",Senegal
417,https://www.transfermarkt.com/crystal-palace/startseite/verein/873/saison_id/2020,/mamadou-sakho/profil/spieler/47713,Mamadou Sakho,Centre-Back,€7.00m ,"Feb 13, 1990 (31)",France
418,https://www.transfermarkt.com/crystal-palace/startseite/verein/873/saison_id/2020,/nathan-ferguson/profil/spieler/507254,Nathan Ferguson,Centre-Back,€4.00m ,"Oct 6, 2000 (20)",England
419,https://www.transfermarkt.com/crystal-palace/startseite/verein/873/saison_id/2020,/james-tomkins/profil/spieler/61592,James Tomkins,Centre-Back,€3.00m ,"Mar 29, 1989 (31)",England
420,https://www.transfermarkt.com/crystal-palace/startseite/verein/873/saison_id/2020,/gary-cahill/profil/spieler/27511,Gary Cahill,Centre-Back,€2.00m ,"Dec 19, 1985 (35)",England
421,https://www.transfermarkt.com/crystal-palace/startseite/verein/873/saison_id/2020,/scott-dann/profil/spieler/62688,Scott Dann,Centre-Back,€1.80m ,"Feb 14, 1987 (34)",England
422,https://www.transfermarkt.com/crystal-palace/startseite/verein/873/saison_id/2020,/patrick-van-aanholt/profil/spieler/52119,Patrick van Aanholt,Left-Back,€8.00m ,"Aug 29, 1990 (30)",Netherlands
423,https://www.transfermarkt.com/crystal-palace/startseite/verein/873/saison_id/2020,/tyrick-mitchell/profil/spieler/730893,Tyrick Mitchell,Left-Back,€5.00m ,"Sep 1, 1999 (21)",England
424,https://www.transfermarkt.com/crystal-palace/startseite/verein/873/saison_id/2020,/nathaniel-clyne/profil/spieler/85177,Nathaniel Clyne,Right-Back,€4.00m ,"Apr 5, 1991 (29)",England
425,https://www.transfermarkt.com/crystal-palace/startseite/verein/873/saison_id/2020,/joel-ward/profil/spieler/92572,Joel Ward,Right-Back,€2.80m ,"Oct 29, 1989 (31)",England
426,https://www.transfermarkt.com/crystal-palace/startseite/verein/873/saison_id/2020,/martin-kelly/profil/spieler/78959,Martin Kelly,Right-Back,€1.80m ,"Apr 27, 1990 (30)",England
427,https://www.transfermarkt.com/crystal-palace/startseite/verein/873/saison_id/2020,/luka-milivojevic/profil/spieler/74300,Luka Milivojevic,Defensive Midfield,€10.00m ,"Apr 7, 1991 (29)",Serbia
428,https://www.transfermarkt.com/crystal-palace/startseite/verein/873/saison_id/2020,/jairo-riedewald/profil/spieler/241481,Jairo Riedewald,Defensive Midfield,€6.00m ,"Sep 9, 1996 (24)",Netherlands
429,https://www.transfermarkt.com/crystal-palace/startseite/verein/873/saison_id/2020,/james-mccarthy/profil/spieler/45333,James McCarthy,Central Midfield,€3.50m ,"Nov 12, 1990 (30)",Ireland
430,https://www.transfermarkt.com/crystal-palace/startseite/verein/873/saison_id/2020,/james-mcarthur/profil/spieler/41416,James McArthur,Central Midfield,€3.00m ,"Oct 7, 1987 (33)",Scotland
431,https://www.transfermarkt.com/crystal-palace/startseite/verein/873/saison_id/2020,/jeffrey-schlupp/profil/spieler/157506,Jeffrey Schlupp,Left Midfield,€9.00m ,"Dec 23, 1992 (28)",Ghana
432,https://www.transfermarkt.com/crystal-palace/startseite/verein/873/saison_id/2020,/eberechi-eze/profil/spieler/479999,Eberechi Eze,Attacking Midfield,€20.00m ,"Jun 29, 1998 (22)",England
433,https://www.transfermarkt.com/crystal-palace/startseite/verein/873/saison_id/2020,/wilfried-zaha/profil/spieler/145988,Wilfried Zaha,Left Winger,€45.00m ,"Nov 10, 1992 (28)",Cote d'Ivoire
434,https://www.transfermarkt.com/crystal-palace/startseite/verein/873/saison_id/2020,/andros-townsend/profil/spieler/61842,Andros Townsend,Right Winger,€8.00m ,"Jul 16, 1991 (29)",England
435,https://www.transfermarkt.com/crystal-palace/startseite/verein/873/saison_id/2020,/jean-philippe-mateta/profil/spieler/420002,Jean-Philippe Mateta,Centre-Forward,€15.00m ,"Jun 28, 1997 (23)",France
436,https://www.transfermarkt.com/crystal-palace/startseite/verein/873/saison_id/2020,/michy-batshuayi/profil/spieler/179184,Michy Batshuayi,Centre-Forward,€10.00m ,"Oct 2, 1993 (27)",Belgium
437,https://www.transfermarkt.com/crystal-palace/startseite/verein/873/saison_id/2020,/christian-benteke/profil/spieler/50201,Christian Benteke,Centre-Forward,€9.00m ,"Dec 3, 1990 (30)",Belgium
438,https://www.transfermarkt.com/crystal-palace/startseite/verein/873/saison_id/2020,/jordan-ayew/profil/spieler/108354,Jordan Ayew,Centre-Forward,€8.00m ,"Sep 11, 1991 (29)",Ghana
439,https://www.transfermarkt.com/crystal-palace/startseite/verein/873/saison_id/2020,/connor-wickham/profil/spieler/95435,Connor Wickham,Centre-Forward,€1.00m ,"Mar 31, 1993 (27)",England
440,https://www.transfermarkt.com/sheffield-united/startseite/verein/350/saison_id/2020,/aaron-ramsdale/profil/spieler/427568,Aaron Ramsdale,Goalkeeper,€12.00m ,"May 14, 1998 (22)",England
441,https://www.transfermarkt.com/sheffield-united/startseite/verein/350/saison_id/2020,/wes-foderingham/profil/spieler/61697,Wes Foderingham,Goalkeeper,€400Th. ,"Jan 14, 1991 (30)",England
442,https://www.transfermarkt.com/sheffield-united/startseite/verein/350/saison_id/2020,/simon-moore/profil/spieler/123536,Simon Moore,Goalkeeper,€400Th. ,"May 19, 1990 (30)",England
443,https://www.transfermarkt.com/sheffield-united/startseite/verein/350/saison_id/2020,/ethan-ampadu/profil/spieler/392771,Ethan Ampadu,Centre-Back,€12.00m ,"Sep 14, 2000 (20)",Wales
444,https://www.transfermarkt.com/sheffield-united/startseite/verein/350/saison_id/2020,/john-egan/profil/spieler/121324,John Egan,Centre-Back,€10.00m ,"Oct 20, 1992 (28)",Ireland
445,https://www.transfermarkt.com/sheffield-united/startseite/verein/350/saison_id/2020,/jack-oconnell/profil/spieler/212829,Jack O'Connell,Centre-Back,€7.00m ,"Mar 29, 1994 (26)",England
446,https://www.transfermarkt.com/sheffield-united/startseite/verein/350/saison_id/2020,/chris-basham/profil/spieler/52495,Chris Basham,Centre-Back,€3.00m ,"Jul 20, 1988 (32)",England
447,https://www.transfermarkt.com/sheffield-united/startseite/verein/350/saison_id/2020,/kean-bryan/profil/spieler/214928,Kean Bryan,Centre-Back,€2.00m ,"Nov 1, 1996 (24)",England
448,https://www.transfermarkt.com/sheffield-united/startseite/verein/350/saison_id/2020,/phil-jagielka/profil/spieler/13520,Phil Jagielka,Centre-Back,€300Th. ,"Aug 17, 1982 (38)",England
449,https://www.transfermarkt.com/sheffield-united/startseite/verein/350/saison_id/2020,/enda-stevens/profil/spieler/85706,Enda Stevens,Left-Back,€4.00m ,"Jul 9, 1990 (30)",Ireland
450,https://www.transfermarkt.com/sheffield-united/startseite/verein/350/saison_id/2020,/max-lowe/profil/spieler/258885,Max Lowe,Left-Back,€3.50m ,"May 11, 1997 (23)",England
451,https://www.transfermarkt.com/sheffield-united/startseite/verein/350/saison_id/2020,/jack-robinson/profil/spieler/128909,Jack Robinson,Left-Back,€2.00m ,"Sep 1, 1993 (27)",England
452,https://www.transfermarkt.com/sheffield-united/startseite/verein/350/saison_id/2020,/jayden-bogle/profil/spieler/465717,Jayden Bogle,Right-Back,€7.00m ,"Jul 27, 2000 (20)",England
453,https://www.transfermarkt.com/sheffield-united/startseite/verein/350/saison_id/2020,/george-baldock/profil/spieler/146690,George Baldock,Right-Back,€6.50m ,"Mar 9, 1993 (28)",England
454,https://www.transfermarkt.com/sheffield-united/startseite/verein/350/saison_id/2020,/sander-berge/profil/spieler/333014,Sander Berge,Defensive Midfield,€18.00m ,"Feb 14, 1998 (23)",Norway
455,https://www.transfermarkt.com/sheffield-united/startseite/verein/350/saison_id/2020,/jack-rodwell/profil/spieler/57079,Jack Rodwell,Defensive Midfield,€900Th. ,"Mar 11, 1991 (30)",England
456,https://www.transfermarkt.com/sheffield-united/startseite/verein/350/saison_id/2020,/john-lundstram/profil/spieler/156941,John Lundstram,Central Midfield,€7.00m ,"Feb 18, 1994 (27)",England
457,https://www.transfermarkt.com/sheffield-united/startseite/verein/350/saison_id/2020,/oliver-norwood/profil/spieler/73547,Oliver Norwood,Central Midfield,€7.00m ,"Apr 12, 1991 (29)",Northern Ireland
458,https://www.transfermarkt.com/sheffield-united/startseite/verein/350/saison_id/2020,/john-fleck/profil/spieler/54383,John Fleck,Central Midfield,€6.00m ,"Aug 24, 1991 (29)",Scotland
459,https://www.transfermarkt.com/sheffield-united/startseite/verein/350/saison_id/2020,/ben-osborn/profil/spieler/218087,Ben Osborn,Left Midfield,€2.00m ,"Aug 5, 1994 (26)",England
460,https://www.transfermarkt.com/sheffield-united/startseite/verein/350/saison_id/2020,/oliver-mcburnie/profil/spieler/298477,Oliver McBurnie,Centre-Forward,€12.00m ,"Jun 4, 1996 (24)",Scotland
461,https://www.transfermarkt.com/sheffield-united/startseite/verein/350/saison_id/2020,/rhian-brewster/profil/spieler/406560,Rhian Brewster,Centre-Forward,€12.00m ,"Apr 1, 2000 (20)",England
462,https://www.transfermarkt.com/sheffield-united/startseite/verein/350/saison_id/2020,/lys-mousset/profil/spieler/291422,Lys Mousset,Centre-Forward,€10.00m ,"Feb 8, 1996 (25)",France
463,https://www.transfermarkt.com/sheffield-united/startseite/verein/350/saison_id/2020,/oliver-burke/profil/spieler/341317,Oliver Burke,Centre-Forward,€5.00m ,"Apr 7, 1997 (23)",Scotland
464,https://www.transfermarkt.com/sheffield-united/startseite/verein/350/saison_id/2020,/david-mcgoldrick/profil/spieler/35416,David McGoldrick,Centre-Forward,€2.00m ,"Nov 29, 1987 (33)",Ireland
465,https://www.transfermarkt.com/sheffield-united/startseite/verein/350/saison_id/2020,/billy-sharp/profil/spieler/49542,Billy Sharp,Centre-Forward,€800Th. ,"Feb 5, 1986 (35)",England
466,https://www.transfermarkt.com/fc-burnley/startseite/verein/1132/saison_id/2020,/nick-pope/profil/spieler/192080,Nick Pope,Goalkeeper,€15.00m ,"Apr 19, 1992 (28)",England
467,https://www.transfermarkt.com/fc-burnley/startseite/verein/1132/saison_id/2020,/bailey-peacock-farrell/profil/spieler/410436,Bailey Peacock-Farrell,Goalkeeper,€1.00m ,"Oct 29, 1996 (24)",Northern Ireland
468,https://www.transfermarkt.com/fc-burnley/startseite/verein/1132/saison_id/2020,/will-norris/profil/spieler/285033,Will Norris,Goalkeeper,€250Th. ,"Aug 12, 1993 (27)",England
469,https://www.transfermarkt.com/fc-burnley/startseite/verein/1132/saison_id/2020,/james-tarkowski/profil/spieler/173504,James Tarkowski,Centre-Back,€25.00m ,"Nov 19, 1992 (28)",England
470,https://www.transfermarkt.com/fc-burnley/startseite/verein/1132/saison_id/2020,/ben-mee/profil/spieler/74810,Ben Mee,Centre-Back,€7.00m ,"Sep 21, 1989 (31)",England
471,https://www.transfermarkt.com/fc-burnley/startseite/verein/1132/saison_id/2020,/kevin-long/profil/spieler/111114,Kevin Long,Centre-Back,€1.20m ,"Aug 18, 1990 (30)",Ireland
472,https://www.transfermarkt.com/fc-burnley/startseite/verein/1132/saison_id/2020,/jimmy-dunne/profil/spieler/396174,Jimmy Dunne,Centre-Back,€400Th. ,"Oct 19, 1997 (23)",Ireland
473,https://www.transfermarkt.com/fc-burnley/startseite/verein/1132/saison_id/2020,/richard-nartey/profil/spieler/396861,Richard Nartey,Centre-Back,€200Th. ,"Sep 6, 1998 (22)",England
474,https://www.transfermarkt.com/fc-burnley/startseite/verein/1132/saison_id/2020,/charlie-taylor/profil/spieler/195633,Charlie Taylor,Left-Back,€4.00m ,"Sep 18, 1993 (27)",England
475,https://www.transfermarkt.com/fc-burnley/startseite/verein/1132/saison_id/2020,/erik-pieters/profil/spieler/43763,Erik Pieters,Left-Back,€1.80m ,"Aug 7, 1988 (32)",Netherlands
476,https://www.transfermarkt.com/fc-burnley/startseite/verein/1132/saison_id/2020,/matthew-lowton/profil/spieler/102258,Matthew Lowton,Right-Back,€3.00m ,"Jun 9, 1989 (31)",England
477,https://www.transfermarkt.com/fc-burnley/startseite/verein/1132/saison_id/2020,/phil-bardsley/profil/spieler/15773,Phil Bardsley,Right-Back,€400Th. ,"Jun 28, 1985 (35)",Scotland
478,https://www.transfermarkt.com/fc-burnley/startseite/verein/1132/saison_id/2020,/jack-cork/profil/spieler/40613,Jack Cork,Defensive Midfield,€6.00m ,"Jun 25, 1989 (31)",England
479,https://www.transfermarkt.com/fc-burnley/startseite/verein/1132/saison_id/2020,/ashley-westwood/profil/spieler/91317,Ashley Westwood,Defensive Midfield,€5.00m ,"Apr 1, 1990 (30)",England
480,https://www.transfermarkt.com/fc-burnley/startseite/verein/1132/saison_id/2020,/josh-brownhill/profil/spieler/293569,Josh Brownhill,Central Midfield,€7.00m ,"Dec 19, 1995 (25)",England
481,https://www.transfermarkt.com/fc-burnley/startseite/verein/1132/saison_id/2020,/dale-stephens/profil/spieler/49755,Dale Stephens,Central Midfield,€3.00m ,"Jun 12, 1989 (31)",England
482,https://www.transfermarkt.com/fc-burnley/startseite/verein/1132/saison_id/2020,/robbie-brady/profil/spieler/128229,Robbie Brady,Left Midfield,€3.00m ,"Jan 14, 1992 (29)",Ireland
483,https://www.transfermarkt.com/fc-burnley/startseite/verein/1132/saison_id/2020,/dwight-mcneil/profil/spieler/584769,Dwight McNeil,Left Winger,€22.00m ,"Nov 22, 1999 (21)",England
484,https://www.transfermarkt.com/fc-burnley/startseite/verein/1132/saison_id/2020,/johann-berg-gudmundsson/profil/spieler/89231,Jóhann Berg Gudmundsson,Right Winger,€4.00m ,"Oct 27, 1990 (30)",Iceland
485,https://www.transfermarkt.com/fc-burnley/startseite/verein/1132/saison_id/2020,/chris-wood/profil/spieler/108725,Chris Wood,Centre-Forward,€8.00m ,"Dec 7, 1991 (29)",New Zealand
486,https://www.transfermarkt.com/fc-burnley/startseite/verein/1132/saison_id/2020,/ashley-barnes/profil/spieler/63200,Ashley Barnes,Centre-Forward,€5.00m ,"Oct 30, 1989 (31)",England
487,https://www.transfermarkt.com/fc-burnley/startseite/verein/1132/saison_id/2020,/jay-rodriguez/profil/spieler/53360,Jay Rodríguez,Centre-Forward,€5.00m ,"Jul 29, 1989 (31)",England
488,https://www.transfermarkt.com/fc-burnley/startseite/verein/1132/saison_id/2020,/matej-vydra/profil/spieler/101500,Matej Vydra,Centre-Forward,€3.00m ,"May 1, 1992 (28)",Czech Republic
489,https://www.transfermarkt.com/west-bromwich-albion/startseite/verein/984/saison_id/2020,/sam-johnstone/profil/spieler/110864,Sam Johnstone,Goalkeeper,€6.00m ,"Mar 25, 1993 (27)",England
490,https://www.transfermarkt.com/west-bromwich-albion/startseite/verein/984/saison_id/2020,/david-button/profil/spieler/61814,David Button,Goalkeeper,€1.00m ,"Feb 27, 1989 (32)",England
491,https://www.transfermarkt.com/west-bromwich-albion/startseite/verein/984/saison_id/2020,/andy-lonergan/profil/spieler/14044,Andy Lonergan,Goalkeeper,€250Th. ,"Oct 19, 1983 (37)",England
492,https://www.transfermarkt.com/west-bromwich-albion/startseite/verein/984/saison_id/2020,/semi-ajayi/profil/spieler/251912,Semi Ajayi,Centre-Back,€5.00m ,"Nov 9, 1993 (27)",Nigeria
493,https://www.transfermarkt.com/west-bromwich-albion/startseite/verein/984/saison_id/2020,/dara-oshea/profil/spieler/401320,Dara O'Shea,Centre-Back,€3.00m ,"Mar 4, 1999 (22)",Ireland
494,https://www.transfermarkt.com/west-bromwich-albion/startseite/verein/984/saison_id/2020,/kyle-bartley/profil/spieler/67421,Kyle Bartley,Centre-Back,€2.80m ,"May 22, 1991 (29)",England
495,https://www.transfermarkt.com/west-bromwich-albion/startseite/verein/984/saison_id/2020,/branislav-ivanovic/profil/spieler/36827,Branislav Ivanovic,Centre-Back,€800Th. ,"Feb 22, 1984 (37)",Serbia
496,https://www.transfermarkt.com/west-bromwich-albion/startseite/verein/984/saison_id/2020,/kieran-gibbs/profil/spieler/44792,Kieran Gibbs,Left-Back,€2.50m ,"Sep 26, 1989 (31)",England
497,https://www.transfermarkt.com/west-bromwich-albion/startseite/verein/984/saison_id/2020,/conor-townsend/profil/spieler/146509,Conor Townsend,Left-Back,€1.50m ,"Mar 4, 1993 (28)",England
498,https://www.transfermarkt.com/west-bromwich-albion/startseite/verein/984/saison_id/2020,/darnell-furlong/profil/spieler/351755,Darnell Furlong,Right-Back,€4.50m ,"Oct 31, 1995 (25)",England
499,https://www.transfermarkt.com/west-bromwich-albion/startseite/verein/984/saison_id/2020,/lee-peltier/profil/spieler/38094,Lee Peltier,Right-Back,€600Th. ,"Dec 11, 1986 (34)",England
500,https://www.transfermarkt.com/west-bromwich-albion/startseite/verein/984/saison_id/2020,/okay-yokuslu/profil/spieler/137616,Okay Yokuslu,Defensive Midfield,€5.00m ,"Mar 9, 1994 (27)",Turkey
501,https://www.transfermarkt.com/west-bromwich-albion/startseite/verein/984/saison_id/2020,/jake-livermore/profil/spieler/61832,Jake Livermore,Defensive Midfield,€3.00m ,"Nov 14, 1989 (31)",England
502,https://www.transfermarkt.com/west-bromwich-albion/startseite/verein/984/saison_id/2020,/conor-gallagher/profil/spieler/488362,Conor Gallagher,Central Midfield,€12.00m ,"Feb 6, 2000 (21)",England
503,https://www.transfermarkt.com/west-bromwich-albion/startseite/verein/984/saison_id/2020,/romaine-sawyers/profil/spieler/113036,Romaine Sawyers,Central Midfield,€2.50m ,"Nov 2, 1991 (29)",St. Kitts &amp; Nevis
504,https://www.transfermarkt.com/west-bromwich-albion/startseite/verein/984/saison_id/2020,/ainsley-maitland-niles/profil/spieler/285845,Ainsley Maitland-Niles,Right Midfield,€18.00m ,"Aug 29, 1997 (23)",England
505,https://www.transfermarkt.com/west-bromwich-albion/startseite/verein/984/saison_id/2020,/kyle-edwards/profil/spieler/314366,Kyle Edwards,Left Midfield,€1.00m ,"Feb 17, 1998 (23)",England
506,https://www.transfermarkt.com/west-bromwich-albion/startseite/verein/984/saison_id/2020,/grady-diangana/profil/spieler/342048,Grady Diangana,Left Winger,€12.00m ,"Apr 19, 1998 (22)",England
507,https://www.transfermarkt.com/west-bromwich-albion/startseite/verein/984/saison_id/2020,/kamil-grosicki/profil/spieler/37920,Kamil Grosicki,Left Winger,€1.00m ,"Jun 8, 1988 (32)",Poland
508,https://www.transfermarkt.com/west-bromwich-albion/startseite/verein/984/saison_id/2020,/matheus-pereira/profil/spieler/225984,Matheus Pereira,Right Winger,€13.00m ,"May 5, 1996 (24)",Brazil
509,https://www.transfermarkt.com/west-bromwich-albion/startseite/verein/984/saison_id/2020,/matt-phillips/profil/spieler/77274,Matt Phillips,Right Winger,€4.00m ,"Mar 13, 1991 (30)",Scotland
510,https://www.transfermarkt.com/west-bromwich-albion/startseite/verein/984/saison_id/2020,/robert-snodgrass/profil/spieler/22614,Robert Snodgrass,Right Winger,€2.00m ,"Sep 7, 1987 (33)",Scotland
511,https://www.transfermarkt.com/west-bromwich-albion/startseite/verein/984/saison_id/2020,/karlan-grant/profil/spieler/314183,Karlan Grant,Centre-Forward,€9.00m ,"Sep 18, 1997 (23)",England
512,https://www.transfermarkt.com/west-bromwich-albion/startseite/verein/984/saison_id/2020,/callum-robinson/profil/spieler/183299,Callum Robinson,Centre-Forward,€6.00m ,"Feb 2, 1995 (26)",Ireland
513,https://www.transfermarkt.com/west-bromwich-albion/startseite/verein/984/saison_id/2020,/mbaye-diagne/profil/spieler/271966,Mbaye Diagne,Centre-Forward,€3.00m ,"Oct 28, 1991 (29)",Senegal
514,https://www.transfermarkt.com/west-bromwich-albion/startseite/verein/984/saison_id/2020,/kenneth-zohore/profil/spieler/135213,Kenneth Zohore,Centre-Forward,€2.50m ,"Jan 31, 1994 (27)",Denmark
515,https://www.transfermarkt.com/west-bromwich-albion/startseite/verein/984/saison_id/2020,/hal-robson-kanu/profil/spieler/65976,Hal Robson-Kanu,Centre-Forward,€1.80m ,"May 21, 1989 (31)",Wales
